,DeliveryDate,WeekNumber,CategoryId,RetailerId,Sold,CategoryName,RetailerName
0,2021-03-01,9,0,BEE9891F-628C-467C-8292-008B938BBC34,0,Bowl,Retailer A
1,2021-03-02,9,0,BEE9891F-628C-467C-8292-008B938BBC34,0,Bowl,Retailer A
2,2021-03-03,9,0,BEE9891F-628C-467C-8292-008B938BBC34,2,Bowl,Retailer A
3,2021-03-04,9,0,BEE9891F-628C-467C-8292-008B938BBC34,0,Bowl,Retailer A
4,2021-03-05,9,0,BEE9891F-628C-467C-8292-008B938BBC34,4,Bowl,Retailer A
5,2021-03-07,9,0,BEE9891F-628C-467C-8292-008B938BBC34,0,Bowl,Retailer A
6,2021-03-08,10,0,BEE9891F-628C-467C-8292-008B938BBC34,0,Bowl,Retailer A
7,2021-03-09,10,0,BEE9891F-628C-467C-8292-008B938BBC34,0,Bowl,Retailer A
8,2021-03-10,10,0,BEE9891F-628C-467C-8292-008B938BBC34,1,Bowl,Retailer A
9,2021-03-11,10,0,BEE9891F-628C-467C-8292-008B938BBC34,0,Bowl,Retailer A
10,2021-03-12,10,0,BEE9891F-628C-467C-8292-008B938BBC34,0,Bowl,Retailer A
11,2021-03-13,10,0,BEE9891F-628C-467C-8292-008B938BBC34,2,Bowl,Retailer A
12,2021-03-14,10,0,BEE9891F-628C-467C-8292-008B938BBC34,2,Bowl,Retailer A
13,2021-03-15,11,0,BEE9891F-628C-467C-8292-008B938BBC34,0,Bowl,Retailer A
14,2021-03-16,11,0,BEE9891F-628C-467C-8292-008B938BBC34,0,Bowl,Retailer A
15,2021-03-17,11,0,BEE9891F-628C-467C-8292-008B938BBC34,3,Bowl,Retailer A
16,2021-03-18,11,0,BEE9891F-628C-467C-8292-008B938BBC34,4,Bowl,Retailer A
17,2021-03-19,11,0,BEE9891F-628C-467C-8292-008B938BBC34,2,Bowl,Retailer A
18,2021-03-20,11,0,BEE9891F-628C-467C-8292-008B938BBC34,0,Bowl,Retailer A
19,2021-03-21,11,0,BEE9891F-628C-467C-8292-008B938BBC34,0,Bowl,Retailer A
20,2021-03-01,9,1,BEE9891F-628C-467C-8292-008B938BBC34,9,Packaged Meals,Retailer A
21,2021-03-02,9,1,BEE9891F-628C-467C-8292-008B938BBC34,8,Packaged Meals,Retailer A
22,2021-03-03,9,1,BEE9891F-628C-467C-8292-008B938BBC34,12,Packaged Meals,Retailer A
23,2021-03-04,9,1,BEE9891F-628C-467C-8292-008B938BBC34,0,Packaged Meals,Retailer A
24,2021-03-05,9,1,BEE9891F-628C-467C-8292-008B938BBC34,10,Packaged Meals,Retailer A
25,2021-03-07,9,1,BEE9891F-628C-467C-8292-008B938BBC34,23,Packaged Meals,Retailer A
26,2021-03-08,10,1,BEE9891F-628C-467C-8292-008B938BBC34,27,Packaged Meals,Retailer A
27,2021-03-09,10,1,BEE9891F-628C-467C-8292-008B938BBC34,11,Packaged Meals,Retailer A
28,2021-03-10,10,1,BEE9891F-628C-467C-8292-008B938BBC34,12,Packaged Meals,Retailer A
29,2021-03-11,10,1,BEE9891F-628C-467C-8292-008B938BBC34,11,Packaged Meals,Retailer A
30,2021-03-12,10,1,BEE9891F-628C-467C-8292-008B938BBC34,5,Packaged Meals,Retailer A
31,2021-03-13,10,1,BEE9891F-628C-467C-8292-008B938BBC34,15,Packaged Meals,Retailer A
32,2021-03-14,10,1,BEE9891F-628C-467C-8292-008B938BBC34,9,Packaged Meals,Retailer A
33,2021-03-15,11,1,BEE9891F-628C-467C-8292-008B938BBC34,10,Packaged Meals,Retailer A
34,2021-03-16,11,1,BEE9891F-628C-467C-8292-008B938BBC34,13,Packaged Meals,Retailer A
35,2021-03-17,11,1,BEE9891F-628C-467C-8292-008B938BBC34,13,Packaged Meals,Retailer A
36,2021-03-18,11,1,BEE9891F-628C-467C-8292-008B938BBC34,18,Packaged Meals,Retailer A
37,2021-03-19,11,1,BEE9891F-628C-467C-8292-008B938BBC34,13,Packaged Meals,Retailer A
38,2021-03-20,11,1,BEE9891F-628C-467C-8292-008B938BBC34,12,Packaged Meals,Retailer A
39,2021-03-21,11,1,BEE9891F-628C-467C-8292-008B938BBC34,12,Packaged Meals,Retailer A
40,2021-03-01,9,1,46D64632-2C73-4DBF-A3B3-EDFF547300F0,57,Packaged Meals,Retailer C
41,2021-03-02,9,1,46D64632-2C73-4DBF-A3B3-EDFF547300F0,66,Packaged Meals,Retailer C
42,2021-03-03,9,1,46D64632-2C73-4DBF-A3B3-EDFF547300F0,89,Packaged Meals,Retailer C
43,2021-03-04,9,1,46D64632-2C73-4DBF-A3B3-EDFF547300F0,83,Packaged Meals,Retailer C
44,2021-03-05,9,1,46D64632-2C73-4DBF-A3B3-EDFF547300F0,87,Packaged Meals,Retailer C
45,2021-03-07,9,1,46D64632-2C73-4DBF-A3B3-EDFF547300F0,50,Packaged Meals,Retailer C
46,2021-03-08,10,1,46D64632-2C73-4DBF-A3B3-EDFF547300F0,48,Packaged Meals,Retailer C
47,2021-03-09,10,1,46D64632-2C73-4DBF-A3B3-EDFF547300F0,52,Packaged Meals,Retailer C
48,2021-03-10,10,1,46D64632-2C73-4DBF-A3B3-EDFF547300F0,45,Packaged Meals,Retailer C
49,2021-03-11,10,1,46D64632-2C73-4DBF-A3B3-EDFF547300F0,57,Packaged Meals,Retailer C
50,2021-03-12,10,1,46D64632-2C73-4DBF-A3B3-EDFF547300F0,42,Packaged Meals,Retailer C
51,2021-03-13,10,1,46D64632-2C73-4DBF-A3B3-EDFF547300F0,26,Packaged Meals,Retailer C
52,2021-03-14,10,1,46D64632-2C73-4DBF-A3B3-EDFF547300F0,34,Packaged Meals,Retailer C
53,2021-03-15,11,1,46D64632-2C73-4DBF-A3B3-EDFF547300F0,39,Packaged Meals,Retailer C
54,2021-03-16,11,1,46D64632-2C73-4DBF-A3B3-EDFF547300F0,32,Packaged Meals,Retailer C
55,2021-03-17,11,1,46D64632-2C73-4DBF-A3B3-EDFF547300F0,30,Packaged Meals,Retailer C
56,2021-03-18,11,1,46D64632-2C73-4DBF-A3B3-EDFF547300F0,36,Packaged Meals,Retailer C
57,2021-03-19,11,1,46D64632-2C73-4DBF-A3B3-EDFF547300F0,32,Packaged Meals,Retailer C
58,2021-03-20,11,1,46D64632-2C73-4DBF-A3B3-EDFF547300F0,33,Packaged Meals,Retailer C
59,2021-03-21,11,1,46D64632-2C73-4DBF-A3B3-EDFF547300F0,33,Packaged Meals,Retailer C
60,2021-03-01,9,2,BEE9891F-628C-467C-8292-008B938BBC34,34,Pinwheel,Retailer A
61,2021-03-02,9,2,BEE9891F-628C-467C-8292-008B938BBC34,45,Pinwheel,Retailer A
62,2021-03-03,9,2,BEE9891F-628C-467C-8292-008B938BBC34,35,Pinwheel,Retailer A
63,2021-03-04,9,2,BEE9891F-628C-467C-8292-008B938BBC34,30,Pinwheel,Retailer A
64,2021-03-05,9,2,BEE9891F-628C-467C-8292-008B938BBC34,31,Pinwheel,Retailer A
65,2021-03-07,9,2,BEE9891F-628C-467C-8292-008B938BBC34,42,Pinwheel,Retailer A
66,2021-03-08,10,2,BEE9891F-628C-467C-8292-008B938BBC34,53,Pinwheel,Retailer A
67,2021-03-09,10,2,BEE9891F-628C-467C-8292-008B938BBC34,40,Pinwheel,Retailer A
68,2021-03-10,10,2,BEE9891F-628C-467C-8292-008B938BBC34,23,Pinwheel,Retailer A
69,2021-03-11,10,2,BEE9891F-628C-467C-8292-008B938BBC34,23,Pinwheel,Retailer A
70,2021-03-12,10,2,BEE9891F-628C-467C-8292-008B938BBC34,32,Pinwheel,Retailer A
71,2021-03-13,10,2,BEE9891F-628C-467C-8292-008B938BBC34,31,Pinwheel,Retailer A
72,2021-03-14,10,2,BEE9891F-628C-467C-8292-008B938BBC34,26,Pinwheel,Retailer A
73,2021-03-15,11,2,BEE9891F-628C-467C-8292-008B938BBC34,33,Pinwheel,Retailer A
74,2021-03-16,11,2,BEE9891F-628C-467C-8292-008B938BBC34,19,Pinwheel,Retailer A
75,2021-03-17,11,2,BEE9891F-628C-467C-8292-008B938BBC34,49,Pinwheel,Retailer A
76,2021-03-18,11,2,BEE9891F-628C-467C-8292-008B938BBC34,21,Pinwheel,Retailer A
77,2021-03-19,11,2,BEE9891F-628C-467C-8292-008B938BBC34,20,Pinwheel,Retailer A
78,2021-03-20,11,2,BEE9891F-628C-467C-8292-008B938BBC34,29,Pinwheel,Retailer A
79,2021-03-21,11,2,BEE9891F-628C-467C-8292-008B938BBC34,29,Pinwheel,Retailer A
80,2021-03-01,9,2,C924AF2A-05F7-4B68-93B4-1E1B3C3CC9DA,45,Pinwheel,Retailer B
81,2021-03-02,9,2,C924AF2A-05F7-4B68-93B4-1E1B3C3CC9DA,39,Pinwheel,Retailer B
82,2021-03-03,9,2,C924AF2A-05F7-4B68-93B4-1E1B3C3CC9DA,40,Pinwheel,Retailer B
83,2021-03-04,9,2,C924AF2A-05F7-4B68-93B4-1E1B3C3CC9DA,42,Pinwheel,Retailer B
84,2021-03-05,9,2,C924AF2A-05F7-4B68-93B4-1E1B3C3CC9DA,40,Pinwheel,Retailer B
85,2021-03-07,9,2,C924AF2A-05F7-4B68-93B4-1E1B3C3CC9DA,46,Pinwheel,Retailer B
86,2021-03-08,10,2,C924AF2A-05F7-4B68-93B4-1E1B3C3CC9DA,38,Pinwheel,Retailer B
87,2021-03-09,10,2,C924AF2A-05F7-4B68-93B4-1E1B3C3CC9DA,43,Pinwheel,Retailer B
88,2021-03-10,10,2,C924AF2A-05F7-4B68-93B4-1E1B3C3CC9DA,39,Pinwheel,Retailer B
89,2021-03-11,10,2,C924AF2A-05F7-4B68-93B4-1E1B3C3CC9DA,46,Pinwheel,Retailer B
90,2021-03-12,10,2,C924AF2A-05F7-4B68-93B4-1E1B3C3CC9DA,58,Pinwheel,Retailer B
91,2021-03-13,10,2,C924AF2A-05F7-4B68-93B4-1E1B3C3CC9DA,45,Pinwheel,Retailer B
92,2021-03-14,10,2,C924AF2A-05F7-4B68-93B4-1E1B3C3CC9DA,54,Pinwheel,Retailer B
93,2021-03-15,11,2,C924AF2A-05F7-4B68-93B4-1E1B3C3CC9DA,47,Pinwheel,Retailer B
94,2021-03-16,11,2,C924AF2A-05F7-4B68-93B4-1E1B3C3CC9DA,45,Pinwheel,Retailer B
95,2021-03-17,11,2,C924AF2A-05F7-4B68-93B4-1E1B3C3CC9DA,60,Pinwheel,Retailer B
96,2021-03-18,11,2,C924AF2A-05F7-4B68-93B4-1E1B3C3CC9DA,51,Pinwheel,Retailer B
97,2021-03-19,11,2,C924AF2A-05F7-4B68-93B4-1E1B3C3CC9DA,52,Pinwheel,Retailer B
98,2021-03-20,11,2,C924AF2A-05F7-4B68-93B4-1E1B3C3CC9DA,39,Pinwheel,Retailer B
99,2021-03-21,11,2,C924AF2A-05F7-4B68-93B4-1E1B3C3CC9DA,39,Pinwheel,Retailer B
100,2021-03-01,9,2,46D64632-2C73-4DBF-A3B3-EDFF547300F0,642,Pinwheel,Retailer C
101,2021-03-02,9,2,46D64632-2C73-4DBF-A3B3-EDFF547300F0,634,Pinwheel,Retailer C
102,2021-03-03,9,2,46D64632-2C73-4DBF-A3B3-EDFF547300F0,528,Pinwheel,Retailer C
103,2021-03-04,9,2,46D64632-2C73-4DBF-A3B3-EDFF547300F0,614,Pinwheel,Retailer C
104,2021-03-05,9,2,46D64632-2C73-4DBF-A3B3-EDFF547300F0,671,Pinwheel,Retailer C
105,2021-03-07,9,2,46D64632-2C73-4DBF-A3B3-EDFF547300F0,581,Pinwheel,Retailer C
106,2021-03-08,10,2,46D64632-2C73-4DBF-A3B3-EDFF547300F0,685,Pinwheel,Retailer C
107,2021-03-09,10,2,46D64632-2C73-4DBF-A3B3-EDFF547300F0,584,Pinwheel,Retailer C
108,2021-03-10,10,2,46D64632-2C73-4DBF-A3B3-EDFF547300F0,572,Pinwheel,Retailer C
109,2021-03-11,10,2,46D64632-2C73-4DBF-A3B3-EDFF547300F0,606,Pinwheel,Retailer C
110,2021-03-12,10,2,46D64632-2C73-4DBF-A3B3-EDFF547300F0,635,Pinwheel,Retailer C
111,2021-03-13,10,2,46D64632-2C73-4DBF-A3B3-EDFF547300F0,584,Pinwheel,Retailer C
112,2021-03-14,10,2,46D64632-2C73-4DBF-A3B3-EDFF547300F0,602,Pinwheel,Retailer C
113,2021-03-15,11,2,46D64632-2C73-4DBF-A3B3-EDFF547300F0,580,Pinwheel,Retailer C
114,2021-03-16,11,2,46D64632-2C73-4DBF-A3B3-EDFF547300F0,602,Pinwheel,Retailer C
115,2021-03-17,11,2,46D64632-2C73-4DBF-A3B3-EDFF547300F0,555,Pinwheel,Retailer C
116,2021-03-18,11,2,46D64632-2C73-4DBF-A3B3-EDFF547300F0,570,Pinwheel,Retailer C
117,2021-03-19,11,2,46D64632-2C73-4DBF-A3B3-EDFF547300F0,612,Pinwheel,Retailer C
118,2021-03-20,11,2,46D64632-2C73-4DBF-A3B3-EDFF547300F0,559,Pinwheel,Retailer C
119,2021-03-21,11,2,46D64632-2C73-4DBF-A3B3-EDFF547300F0,559,Pinwheel,Retailer C
120,2021-03-01,9,3,BEE9891F-628C-467C-8292-008B938BBC34,7,Quiche,Retailer A
121,2021-03-02,9,3,BEE9891F-628C-467C-8292-008B938BBC34,3,Quiche,Retailer A
122,2021-03-03,9,3,BEE9891F-628C-467C-8292-008B938BBC34,13,Quiche,Retailer A
123,2021-03-04,9,3,BEE9891F-628C-467C-8292-008B938BBC34,15,Quiche,Retailer A
124,2021-03-05,9,3,BEE9891F-628C-467C-8292-008B938BBC34,7,Quiche,Retailer A
125,2021-03-07,9,3,BEE9891F-628C-467C-8292-008B938BBC34,17,Quiche,Retailer A
126,2021-03-08,10,3,BEE9891F-628C-467C-8292-008B938BBC34,16,Quiche,Retailer A
127,2021-03-09,10,3,BEE9891F-628C-467C-8292-008B938BBC34,8,Quiche,Retailer A
128,2021-03-10,10,3,BEE9891F-628C-467C-8292-008B938BBC34,16,Quiche,Retailer A
129,2021-03-11,10,3,BEE9891F-628C-467C-8292-008B938BBC34,10,Quiche,Retailer A
130,2021-03-12,10,3,BEE9891F-628C-467C-8292-008B938BBC34,22,Quiche,Retailer A
131,2021-03-13,10,3,BEE9891F-628C-467C-8292-008B938BBC34,20,Quiche,Retailer A
132,2021-03-14,10,3,BEE9891F-628C-467C-8292-008B938BBC34,10,Quiche,Retailer A
133,2021-03-15,11,3,BEE9891F-628C-467C-8292-008B938BBC34,21,Quiche,Retailer A
134,2021-03-16,11,3,BEE9891F-628C-467C-8292-008B938BBC34,4,Quiche,Retailer A
135,2021-03-17,11,3,BEE9891F-628C-467C-8292-008B938BBC34,26,Quiche,Retailer A
136,2021-03-18,11,3,BEE9891F-628C-467C-8292-008B938BBC34,11,Quiche,Retailer A
137,2021-03-19,11,3,BEE9891F-628C-467C-8292-008B938BBC34,11,Quiche,Retailer A
138,2021-03-20,11,3,BEE9891F-628C-467C-8292-008B938BBC34,13,Quiche,Retailer A
139,2021-03-21,11,3,BEE9891F-628C-467C-8292-008B938BBC34,13,Quiche,Retailer A
140,2021-03-01,9,4,BEE9891F-628C-467C-8292-008B938BBC34,129,Salad,Retailer A
141,2021-03-02,9,4,BEE9891F-628C-467C-8292-008B938BBC34,102,Salad,Retailer A
142,2021-03-03,9,4,BEE9891F-628C-467C-8292-008B938BBC34,139,Salad,Retailer A
143,2021-03-04,9,4,BEE9891F-628C-467C-8292-008B938BBC34,103,Salad,Retailer A
144,2021-03-05,9,4,BEE9891F-628C-467C-8292-008B938BBC34,108,Salad,Retailer A
145,2021-03-07,9,4,BEE9891F-628C-467C-8292-008B938BBC34,150,Salad,Retailer A
146,2021-03-08,10,4,BEE9891F-628C-467C-8292-008B938BBC34,166,Salad,Retailer A
147,2021-03-09,10,4,BEE9891F-628C-467C-8292-008B938BBC34,133,Salad,Retailer A
148,2021-03-10,10,4,BEE9891F-628C-467C-8292-008B938BBC34,115,Salad,Retailer A
149,2021-03-11,10,4,BEE9891F-628C-467C-8292-008B938BBC34,136,Salad,Retailer A
150,2021-03-12,10,4,BEE9891F-628C-467C-8292-008B938BBC34,133,Salad,Retailer A
151,2021-03-13,10,4,BEE9891F-628C-467C-8292-008B938BBC34,121,Salad,Retailer A
152,2021-03-14,10,4,BEE9891F-628C-467C-8292-008B938BBC34,133,Salad,Retailer A
153,2021-03-15,11,4,BEE9891F-628C-467C-8292-008B938BBC34,159,Salad,Retailer A
154,2021-03-16,11,4,BEE9891F-628C-467C-8292-008B938BBC34,169,Salad,Retailer A
155,2021-03-17,11,4,BEE9891F-628C-467C-8292-008B938BBC34,135,Salad,Retailer A
156,2021-03-18,11,4,BEE9891F-628C-467C-8292-008B938BBC34,99,Salad,Retailer A
157,2021-03-19,11,4,BEE9891F-628C-467C-8292-008B938BBC34,121,Salad,Retailer A
158,2021-03-20,11,4,BEE9891F-628C-467C-8292-008B938BBC34,112,Salad,Retailer A
159,2021-03-21,11,4,BEE9891F-628C-467C-8292-008B938BBC34,112,Salad,Retailer A
160,2021-03-01,9,4,C924AF2A-05F7-4B68-93B4-1E1B3C3CC9DA,89,Salad,Retailer B
161,2021-03-02,9,4,C924AF2A-05F7-4B68-93B4-1E1B3C3CC9DA,85,Salad,Retailer B
162,2021-03-03,9,4,C924AF2A-05F7-4B68-93B4-1E1B3C3CC9DA,76,Salad,Retailer B
163,2021-03-04,9,4,C924AF2A-05F7-4B68-93B4-1E1B3C3CC9DA,79,Salad,Retailer B
164,2021-03-05,9,4,C924AF2A-05F7-4B68-93B4-1E1B3C3CC9DA,71,Salad,Retailer B
165,2021-03-07,9,4,C924AF2A-05F7-4B68-93B4-1E1B3C3CC9DA,88,Salad,Retailer B
166,2021-03-08,10,4,C924AF2A-05F7-4B68-93B4-1E1B3C3CC9DA,95,Salad,Retailer B
167,2021-03-09,10,4,C924AF2A-05F7-4B68-93B4-1E1B3C3CC9DA,82,Salad,Retailer B
168,2021-03-10,10,4,C924AF2A-05F7-4B68-93B4-1E1B3C3CC9DA,74,Salad,Retailer B
169,2021-03-11,10,4,C924AF2A-05F7-4B68-93B4-1E1B3C3CC9DA,92,Salad,Retailer B
170,2021-03-12,10,4,C924AF2A-05F7-4B68-93B4-1E1B3C3CC9DA,77,Salad,Retailer B
171,2021-03-13,10,4,C924AF2A-05F7-4B68-93B4-1E1B3C3CC9DA,73,Salad,Retailer B
172,2021-03-14,10,4,C924AF2A-05F7-4B68-93B4-1E1B3C3CC9DA,105,Salad,Retailer B
173,2021-03-15,11,4,C924AF2A-05F7-4B68-93B4-1E1B3C3CC9DA,85,Salad,Retailer B
174,2021-03-16,11,4,C924AF2A-05F7-4B68-93B4-1E1B3C3CC9DA,85,Salad,Retailer B
175,2021-03-17,11,4,C924AF2A-05F7-4B68-93B4-1E1B3C3CC9DA,79,Salad,Retailer B
176,2021-03-18,11,4,C924AF2A-05F7-4B68-93B4-1E1B3C3CC9DA,96,Salad,Retailer B
177,2021-03-19,11,4,C924AF2A-05F7-4B68-93B4-1E1B3C3CC9DA,80,Salad,Retailer B
178,2021-03-20,11,4,C924AF2A-05F7-4B68-93B4-1E1B3C3CC9DA,70,Salad,Retailer B
179,2021-03-21,11,4,C924AF2A-05F7-4B68-93B4-1E1B3C3CC9DA,70,Salad,Retailer B
180,2021-03-01,9,4,46D64632-2C73-4DBF-A3B3-EDFF547300F0,1574,Salad,Retailer C
181,2021-03-02,9,4,46D64632-2C73-4DBF-A3B3-EDFF547300F0,1318,Salad,Retailer C
182,2021-03-03,9,4,46D64632-2C73-4DBF-A3B3-EDFF547300F0,1103,Salad,Retailer C
183,2021-03-04,9,4,46D64632-2C73-4DBF-A3B3-EDFF547300F0,1282,Salad,Retailer C
184,2021-03-05,9,4,46D64632-2C73-4DBF-A3B3-EDFF547300F0,1344,Salad,Retailer C
185,2021-03-07,9,4,46D64632-2C73-4DBF-A3B3-EDFF547300F0,1414,Salad,Retailer C
186,2021-03-08,10,4,46D64632-2C73-4DBF-A3B3-EDFF547300F0,1586,Salad,Retailer C
187,2021-03-09,10,4,46D64632-2C73-4DBF-A3B3-EDFF547300F0,1566,Salad,Retailer C
188,2021-03-10,10,4,46D64632-2C73-4DBF-A3B3-EDFF547300F0,1257,Salad,Retailer C
189,2021-03-11,10,4,46D64632-2C73-4DBF-A3B3-EDFF547300F0,1260,Salad,Retailer C
190,2021-03-12,10,4,46D64632-2C73-4DBF-A3B3-EDFF547300F0,1134,Salad,Retailer C
191,2021-03-13,10,4,46D64632-2C73-4DBF-A3B3-EDFF547300F0,1137,Salad,Retailer C
192,2021-03-14,10,4,46D64632-2C73-4DBF-A3B3-EDFF547300F0,1344,Salad,Retailer C
193,2021-03-15,11,4,46D64632-2C73-4DBF-A3B3-EDFF547300F0,1362,Salad,Retailer C
194,2021-03-16,11,4,46D64632-2C73-4DBF-A3B3-EDFF547300F0,1352,Salad,Retailer C
195,2021-03-17,11,4,46D64632-2C73-4DBF-A3B3-EDFF547300F0,1249,Salad,Retailer C
196,2021-03-18,11,4,46D64632-2C73-4DBF-A3B3-EDFF547300F0,1224,Salad,Retailer C
197,2021-03-19,11,4,46D64632-2C73-4DBF-A3B3-EDFF547300F0,1167,Salad,Retailer C
198,2021-03-20,11,4,46D64632-2C73-4DBF-A3B3-EDFF547300F0,891,Salad,Retailer C
199,2021-03-21,11,4,46D64632-2C73-4DBF-A3B3-EDFF547300F0,891,Salad,Retailer C
200,2021-03-01,9,5,BEE9891F-628C-467C-8292-008B938BBC34,131,Sandwich,Retailer A
201,2021-03-02,9,5,BEE9891F-628C-467C-8292-008B938BBC34,117,Sandwich,Retailer A
202,2021-03-03,9,5,BEE9891F-628C-467C-8292-008B938BBC34,105,Sandwich,Retailer A
203,2021-03-04,9,5,BEE9891F-628C-467C-8292-008B938BBC34,123,Sandwich,Retailer A
204,2021-03-05,9,5,BEE9891F-628C-467C-8292-008B938BBC34,149,Sandwich,Retailer A
205,2021-03-07,9,5,BEE9891F-628C-467C-8292-008B938BBC34,132,Sandwich,Retailer A
206,2021-03-08,10,5,BEE9891F-628C-467C-8292-008B938BBC34,135,Sandwich,Retailer A
207,2021-03-09,10,5,BEE9891F-628C-467C-8292-008B938BBC34,109,Sandwich,Retailer A
208,2021-03-10,10,5,BEE9891F-628C-467C-8292-008B938BBC34,134,Sandwich,Retailer A
209,2021-03-11,10,5,BEE9891F-628C-467C-8292-008B938BBC34,137,Sandwich,Retailer A
210,2021-03-12,10,5,BEE9891F-628C-467C-8292-008B938BBC34,119,Sandwich,Retailer A
211,2021-03-13,10,5,BEE9891F-628C-467C-8292-008B938BBC34,130,Sandwich,Retailer A
212,2021-03-14,10,5,BEE9891F-628C-467C-8292-008B938BBC34,112,Sandwich,Retailer A
213,2021-03-15,11,5,BEE9891F-628C-467C-8292-008B938BBC34,142,Sandwich,Retailer A
214,2021-03-16,11,5,BEE9891F-628C-467C-8292-008B938BBC34,131,Sandwich,Retailer A
215,2021-03-17,11,5,BEE9891F-628C-467C-8292-008B938BBC34,137,Sandwich,Retailer A
216,2021-03-18,11,5,BEE9891F-628C-467C-8292-008B938BBC34,144,Sandwich,Retailer A
217,2021-03-19,11,5,BEE9891F-628C-467C-8292-008B938BBC34,105,Sandwich,Retailer A
218,2021-03-20,11,5,BEE9891F-628C-467C-8292-008B938BBC34,121,Sandwich,Retailer A
219,2021-03-21,11,5,BEE9891F-628C-467C-8292-008B938BBC34,121,Sandwich,Retailer A
220,2021-03-01,9,5,C924AF2A-05F7-4B68-93B4-1E1B3C3CC9DA,154,Sandwich,Retailer B
221,2021-03-02,9,5,C924AF2A-05F7-4B68-93B4-1E1B3C3CC9DA,164,Sandwich,Retailer B
222,2021-03-03,9,5,C924AF2A-05F7-4B68-93B4-1E1B3C3CC9DA,152,Sandwich,Retailer B
223,2021-03-04,9,5,C924AF2A-05F7-4B68-93B4-1E1B3C3CC9DA,194,Sandwich,Retailer B
224,2021-03-05,9,5,C924AF2A-05F7-4B68-93B4-1E1B3C3CC9DA,154,Sandwich,Retailer B
225,2021-03-07,9,5,C924AF2A-05F7-4B68-93B4-1E1B3C3CC9DA,168,Sandwich,Retailer B
226,2021-03-08,10,5,C924AF2A-05F7-4B68-93B4-1E1B3C3CC9DA,197,Sandwich,Retailer B
227,2021-03-09,10,5,C924AF2A-05F7-4B68-93B4-1E1B3C3CC9DA,164,Sandwich,Retailer B
228,2021-03-10,10,5,C924AF2A-05F7-4B68-93B4-1E1B3C3CC9DA,169,Sandwich,Retailer B
229,2021-03-11,10,5,C924AF2A-05F7-4B68-93B4-1E1B3C3CC9DA,183,Sandwich,Retailer B
230,2021-03-12,10,5,C924AF2A-05F7-4B68-93B4-1E1B3C3CC9DA,125,Sandwich,Retailer B
231,2021-03-13,10,5,C924AF2A-05F7-4B68-93B4-1E1B3C3CC9DA,160,Sandwich,Retailer B
232,2021-03-14,10,5,C924AF2A-05F7-4B68-93B4-1E1B3C3CC9DA,178,Sandwich,Retailer B
233,2021-03-15,11,5,C924AF2A-05F7-4B68-93B4-1E1B3C3CC9DA,174,Sandwich,Retailer B
234,2021-03-16,11,5,C924AF2A-05F7-4B68-93B4-1E1B3C3CC9DA,184,Sandwich,Retailer B
235,2021-03-17,11,5,C924AF2A-05F7-4B68-93B4-1E1B3C3CC9DA,172,Sandwich,Retailer B
236,2021-03-18,11,5,C924AF2A-05F7-4B68-93B4-1E1B3C3CC9DA,200,Sandwich,Retailer B
237,2021-03-19,11,5,C924AF2A-05F7-4B68-93B4-1E1B3C3CC9DA,171,Sandwich,Retailer B
238,2021-03-20,11,5,C924AF2A-05F7-4B68-93B4-1E1B3C3CC9DA,151,Sandwich,Retailer B
239,2021-03-21,11,5,C924AF2A-05F7-4B68-93B4-1E1B3C3CC9DA,151,Sandwich,Retailer B
240,2021-03-01,9,5,46D64632-2C73-4DBF-A3B3-EDFF547300F0,2077,Sandwich,Retailer C
241,2021-03-02,9,5,46D64632-2C73-4DBF-A3B3-EDFF547300F0,2058,Sandwich,Retailer C
242,2021-03-03,9,5,46D64632-2C73-4DBF-A3B3-EDFF547300F0,1676,Sandwich,Retailer C
243,2021-03-04,9,5,46D64632-2C73-4DBF-A3B3-EDFF547300F0,2094,Sandwich,Retailer C
244,2021-03-05,9,5,46D64632-2C73-4DBF-A3B3-EDFF547300F0,2117,Sandwich,Retailer C
245,2021-03-07,9,5,46D64632-2C73-4DBF-A3B3-EDFF547300F0,1915,Sandwich,Retailer C
246,2021-03-08,10,5,46D64632-2C73-4DBF-A3B3-EDFF547300F0,2208,Sandwich,Retailer C
247,2021-03-09,10,5,46D64632-2C73-4DBF-A3B3-EDFF547300F0,2026,Sandwich,Retailer C
248,2021-03-10,10,5,46D64632-2C73-4DBF-A3B3-EDFF547300F0,1842,Sandwich,Retailer C
249,2021-03-11,10,5,46D64632-2C73-4DBF-A3B3-EDFF547300F0,2005,Sandwich,Retailer C
250,2021-03-12,10,5,46D64632-2C73-4DBF-A3B3-EDFF547300F0,2202,Sandwich,Retailer C
251,2021-03-13,10,5,46D64632-2C73-4DBF-A3B3-EDFF547300F0,1949,Sandwich,Retailer C
252,2021-03-14,10,5,46D64632-2C73-4DBF-A3B3-EDFF547300F0,1864,Sandwich,Retailer C
253,2021-03-15,11,5,46D64632-2C73-4DBF-A3B3-EDFF547300F0,2028,Sandwich,Retailer C
254,2021-03-16,11,5,46D64632-2C73-4DBF-A3B3-EDFF547300F0,2129,Sandwich,Retailer C
255,2021-03-17,11,5,46D64632-2C73-4DBF-A3B3-EDFF547300F0,1991,Sandwich,Retailer C
256,2021-03-18,11,5,46D64632-2C73-4DBF-A3B3-EDFF547300F0,2005,Sandwich,Retailer C
257,2021-03-19,11,5,46D64632-2C73-4DBF-A3B3-EDFF547300F0,2046,Sandwich,Retailer C
258,2021-03-20,11,5,46D64632-2C73-4DBF-A3B3-EDFF547300F0,1801,Sandwich,Retailer C
259,2021-03-21,11,5,46D64632-2C73-4DBF-A3B3-EDFF547300F0,1801,Sandwich,Retailer C
260,2021-03-01,9,6,BEE9891F-628C-467C-8292-008B938BBC34,18,Snack,Retailer A
261,2021-03-02,9,6,BEE9891F-628C-467C-8292-008B938BBC34,26,Snack,Retailer A
262,2021-03-03,9,6,BEE9891F-628C-467C-8292-008B938BBC34,27,Snack,Retailer A
263,2021-03-04,9,6,BEE9891F-628C-467C-8292-008B938BBC34,30,Snack,Retailer A
264,2021-03-05,9,6,BEE9891F-628C-467C-8292-008B938BBC34,18,Snack,Retailer A
265,2021-03-07,9,6,BEE9891F-628C-467C-8292-008B938BBC34,29,Snack,Retailer A
266,2021-03-08,10,6,BEE9891F-628C-467C-8292-008B938BBC34,29,Snack,Retailer A
267,2021-03-09,10,6,BEE9891F-628C-467C-8292-008B938BBC34,24,Snack,Retailer A
268,2021-03-10,10,6,BEE9891F-628C-467C-8292-008B938BBC34,21,Snack,Retailer A
269,2021-03-11,10,6,BEE9891F-628C-467C-8292-008B938BBC34,14,Snack,Retailer A
270,2021-03-12,10,6,BEE9891F-628C-467C-8292-008B938BBC34,15,Snack,Retailer A
271,2021-03-13,10,6,BEE9891F-628C-467C-8292-008B938BBC34,22,Snack,Retailer A
272,2021-03-14,10,6,BEE9891F-628C-467C-8292-008B938BBC34,24,Snack,Retailer A
273,2021-03-15,11,6,BEE9891F-628C-467C-8292-008B938BBC34,22,Snack,Retailer A
274,2021-03-16,11,6,BEE9891F-628C-467C-8292-008B938BBC34,27,Snack,Retailer A
275,2021-03-17,11,6,BEE9891F-628C-467C-8292-008B938BBC34,21,Snack,Retailer A
276,2021-03-18,11,6,BEE9891F-628C-467C-8292-008B938BBC34,12,Snack,Retailer A
277,2021-03-19,11,6,BEE9891F-628C-467C-8292-008B938BBC34,14,Snack,Retailer A
278,2021-03-20,11,6,BEE9891F-628C-467C-8292-008B938BBC34,15,Snack,Retailer A
279,2021-03-21,11,6,BEE9891F-628C-467C-8292-008B938BBC34,15,Snack,Retailer A
280,2021-03-01,9,6,C924AF2A-05F7-4B68-93B4-1E1B3C3CC9DA,5,Snack,Retailer B
281,2021-03-02,9,6,C924AF2A-05F7-4B68-93B4-1E1B3C3CC9DA,10,Snack,Retailer B
282,2021-03-03,9,6,C924AF2A-05F7-4B68-93B4-1E1B3C3CC9DA,8,Snack,Retailer B
283,2021-03-04,9,6,C924AF2A-05F7-4B68-93B4-1E1B3C3CC9DA,5,Snack,Retailer B
284,2021-03-05,9,6,C924AF2A-05F7-4B68-93B4-1E1B3C3CC9DA,9,Snack,Retailer B
285,2021-03-07,9,6,C924AF2A-05F7-4B68-93B4-1E1B3C3CC9DA,16,Snack,Retailer B
286,2021-03-08,10,6,C924AF2A-05F7-4B68-93B4-1E1B3C3CC9DA,9,Snack,Retailer B
287,2021-03-09,10,6,C924AF2A-05F7-4B68-93B4-1E1B3C3CC9DA,2,Snack,Retailer B
288,2021-03-10,10,6,C924AF2A-05F7-4B68-93B4-1E1B3C3CC9DA,11,Snack,Retailer B
289,2021-03-11,10,6,C924AF2A-05F7-4B68-93B4-1E1B3C3CC9DA,12,Snack,Retailer B
290,2021-03-12,10,6,C924AF2A-05F7-4B68-93B4-1E1B3C3CC9DA,6,Snack,Retailer B
291,2021-03-13,10,6,C924AF2A-05F7-4B68-93B4-1E1B3C3CC9DA,1,Snack,Retailer B
292,2021-03-14,10,6,C924AF2A-05F7-4B68-93B4-1E1B3C3CC9DA,12,Snack,Retailer B
293,2021-03-15,11,6,C924AF2A-05F7-4B68-93B4-1E1B3C3CC9DA,9,Snack,Retailer B
294,2021-03-16,11,6,C924AF2A-05F7-4B68-93B4-1E1B3C3CC9DA,2,Snack,Retailer B
295,2021-03-17,11,6,C924AF2A-05F7-4B68-93B4-1E1B3C3CC9DA,5,Snack,Retailer B
296,2021-03-18,11,6,C924AF2A-05F7-4B68-93B4-1E1B3C3CC9DA,1,Snack,Retailer B
297,2021-03-19,11,6,C924AF2A-05F7-4B68-93B4-1E1B3C3CC9DA,3,Snack,Retailer B
298,2021-03-20,11,6,C924AF2A-05F7-4B68-93B4-1E1B3C3CC9DA,8,Snack,Retailer B
299,2021-03-21,11,6,C924AF2A-05F7-4B68-93B4-1E1B3C3CC9DA,8,Snack,Retailer B
300,2021-03-01,9,6,46D64632-2C73-4DBF-A3B3-EDFF547300F0,1,Snack,Retailer C
301,2021-03-02,9,6,46D64632-2C73-4DBF-A3B3-EDFF547300F0,0,Snack,Retailer C
302,2021-03-03,9,6,46D64632-2C73-4DBF-A3B3-EDFF547300F0,3,Snack,Retailer C
303,2021-03-04,9,6,46D64632-2C73-4DBF-A3B3-EDFF547300F0,1,Snack,Retailer C
304,2021-03-05,9,6,46D64632-2C73-4DBF-A3B3-EDFF547300F0,3,Snack,Retailer C
305,2021-03-07,9,6,46D64632-2C73-4DBF-A3B3-EDFF547300F0,4,Snack,Retailer C
306,2021-03-08,10,6,46D64632-2C73-4DBF-A3B3-EDFF547300F0,0,Snack,Retailer C
307,2021-03-09,10,6,46D64632-2C73-4DBF-A3B3-EDFF547300F0,0,Snack,Retailer C
308,2021-03-10,10,6,46D64632-2C73-4DBF-A3B3-EDFF547300F0,0,Snack,Retailer C
309,2021-03-11,10,6,46D64632-2C73-4DBF-A3B3-EDFF547300F0,0,Snack,Retailer C
310,2021-03-12,10,6,46D64632-2C73-4DBF-A3B3-EDFF547300F0,2,Snack,Retailer C
311,2021-03-13,10,6,46D64632-2C73-4DBF-A3B3-EDFF547300F0,0,Snack,Retailer C
312,2021-03-14,10,6,46D64632-2C73-4DBF-A3B3-EDFF547300F0,3,Snack,Retailer C
313,2021-03-15,11,6,46D64632-2C73-4DBF-A3B3-EDFF547300F0,0,Snack,Retailer C
314,2021-03-16,11,6,46D64632-2C73-4DBF-A3B3-EDFF547300F0,0,Snack,Retailer C
315,2021-03-17,11,6,46D64632-2C73-4DBF-A3B3-EDFF547300F0,0,Snack,Retailer C
316,2021-03-18,11,6,46D64632-2C73-4DBF-A3B3-EDFF547300F0,0,Snack,Retailer C
317,2021-03-19,11,6,46D64632-2C73-4DBF-A3B3-EDFF547300F0,1,Snack,Retailer C
318,2021-03-20,11,6,46D64632-2C73-4DBF-A3B3-EDFF547300F0,2,Snack,Retailer C
319,2021-03-21,11,6,46D64632-2C73-4DBF-A3B3-EDFF547300F0,2,Snack,Retailer C
320,2021-03-01,9,7,BEE9891F-628C-467C-8292-008B938BBC34,42,Wet Salad,Retailer A
321,2021-03-02,9,7,BEE9891F-628C-467C-8292-008B938BBC34,80,Wet Salad,Retailer A
322,2021-03-03,9,7,BEE9891F-628C-467C-8292-008B938BBC34,53,Wet Salad,Retailer A
323,2021-03-04,9,7,BEE9891F-628C-467C-8292-008B938BBC34,59,Wet Salad,Retailer A
324,2021-03-05,9,7,BEE9891F-628C-467C-8292-008B938BBC34,80,Wet Salad,Retailer A
325,2021-03-07,9,7,BEE9891F-628C-467C-8292-008B938BBC34,74,Wet Salad,Retailer A
326,2021-03-08,10,7,BEE9891F-628C-467C-8292-008B938BBC34,56,Wet Salad,Retailer A
327,2021-03-09,10,7,BEE9891F-628C-467C-8292-008B938BBC34,64,Wet Salad,Retailer A
328,2021-03-10,10,7,BEE9891F-628C-467C-8292-008B938BBC34,61,Wet Salad,Retailer A
329,2021-03-11,10,7,BEE9891F-628C-467C-8292-008B938BBC34,52,Wet Salad,Retailer A
330,2021-03-12,10,7,BEE9891F-628C-467C-8292-008B938BBC34,64,Wet Salad,Retailer A
331,2021-03-13,10,7,BEE9891F-628C-467C-8292-008B938BBC34,54,Wet Salad,Retailer A
332,2021-03-14,10,7,BEE9891F-628C-467C-8292-008B938BBC34,79,Wet Salad,Retailer A
333,2021-03-15,11,7,BEE9891F-628C-467C-8292-008B938BBC34,75,Wet Salad,Retailer A
334,2021-03-16,11,7,BEE9891F-628C-467C-8292-008B938BBC34,70,Wet Salad,Retailer A
335,2021-03-17,11,7,BEE9891F-628C-467C-8292-008B938BBC34,42,Wet Salad,Retailer A
336,2021-03-18,11,7,BEE9891F-628C-467C-8292-008B938BBC34,51,Wet Salad,Retailer A
337,2021-03-19,11,7,BEE9891F-628C-467C-8292-008B938BBC34,52,Wet Salad,Retailer A
338,2021-03-20,11,7,BEE9891F-628C-467C-8292-008B938BBC34,54,Wet Salad,Retailer A
339,2021-03-21,11,7,BEE9891F-628C-467C-8292-008B938BBC34,54,Wet Salad,Retailer A
340,2021-03-01,9,7,C924AF2A-05F7-4B68-93B4-1E1B3C3CC9DA,37,Wet Salad,Retailer B
341,2021-03-02,9,7,C924AF2A-05F7-4B68-93B4-1E1B3C3CC9DA,31,Wet Salad,Retailer B
342,2021-03-03,9,7,C924AF2A-05F7-4B68-93B4-1E1B3C3CC9DA,45,Wet Salad,Retailer B
343,2021-03-04,9,7,C924AF2A-05F7-4B68-93B4-1E1B3C3CC9DA,44,Wet Salad,Retailer B
344,2021-03-05,9,7,C924AF2A-05F7-4B68-93B4-1E1B3C3CC9DA,38,Wet Salad,Retailer B
345,2021-03-07,9,7,C924AF2A-05F7-4B68-93B4-1E1B3C3CC9DA,49,Wet Salad,Retailer B
346,2021-03-08,10,7,C924AF2A-05F7-4B68-93B4-1E1B3C3CC9DA,43,Wet Salad,Retailer B
347,2021-03-09,10,7,C924AF2A-05F7-4B68-93B4-1E1B3C3CC9DA,38,Wet Salad,Retailer B
348,2021-03-10,10,7,C924AF2A-05F7-4B68-93B4-1E1B3C3CC9DA,40,Wet Salad,Retailer B
349,2021-03-11,10,7,C924AF2A-05F7-4B68-93B4-1E1B3C3CC9DA,34,Wet Salad,Retailer B
350,2021-03-12,10,7,C924AF2A-05F7-4B68-93B4-1E1B3C3CC9DA,37,Wet Salad,Retailer B
351,2021-03-13,10,7,C924AF2A-05F7-4B68-93B4-1E1B3C3CC9DA,47,Wet Salad,Retailer B
352,2021-03-14,10,7,C924AF2A-05F7-4B68-93B4-1E1B3C3CC9DA,59,Wet Salad,Retailer B
353,2021-03-15,11,7,C924AF2A-05F7-4B68-93B4-1E1B3C3CC9DA,49,Wet Salad,Retailer B
354,2021-03-16,11,7,C924AF2A-05F7-4B68-93B4-1E1B3C3CC9DA,35,Wet Salad,Retailer B
355,2021-03-17,11,7,C924AF2A-05F7-4B68-93B4-1E1B3C3CC9DA,57,Wet Salad,Retailer B
356,2021-03-18,11,7,C924AF2A-05F7-4B68-93B4-1E1B3C3CC9DA,37,Wet Salad,Retailer B
357,2021-03-19,11,7,C924AF2A-05F7-4B68-93B4-1E1B3C3CC9DA,48,Wet Salad,Retailer B
358,2021-03-20,11,7,C924AF2A-05F7-4B68-93B4-1E1B3C3CC9DA,59,Wet Salad,Retailer B
359,2021-03-21,11,7,C924AF2A-05F7-4B68-93B4-1E1B3C3CC9DA,59,Wet Salad,Retailer B
360,2021-03-01,9,8,BEE9891F-628C-467C-8292-008B938BBC34,71,Wrap,Retailer A
361,2021-03-02,9,8,BEE9891F-628C-467C-8292-008B938BBC34,67,Wrap,Retailer A
362,2021-03-03,9,8,BEE9891F-628C-467C-8292-008B938BBC34,42,Wrap,Retailer A
363,2021-03-04,9,8,BEE9891F-628C-467C-8292-008B938BBC34,49,Wrap,Retailer A
364,2021-03-05,9,8,BEE9891F-628C-467C-8292-008B938BBC34,45,Wrap,Retailer A
365,2021-03-07,9,8,BEE9891F-628C-467C-8292-008B938BBC34,61,Wrap,Retailer A
366,2021-03-08,10,8,BEE9891F-628C-467C-8292-008B938BBC34,56,Wrap,Retailer A
367,2021-03-09,10,8,BEE9891F-628C-467C-8292-008B938BBC34,48,Wrap,Retailer A
368,2021-03-10,10,8,BEE9891F-628C-467C-8292-008B938BBC34,59,Wrap,Retailer A
369,2021-03-11,10,8,BEE9891F-628C-467C-8292-008B938BBC34,57,Wrap,Retailer A
370,2021-03-12,10,8,BEE9891F-628C-467C-8292-008B938BBC34,64,Wrap,Retailer A
371,2021-03-13,10,8,BEE9891F-628C-467C-8292-008B938BBC34,45,Wrap,Retailer A
372,2021-03-14,10,8,BEE9891F-628C-467C-8292-008B938BBC34,54,Wrap,Retailer A
373,2021-03-15,11,8,BEE9891F-628C-467C-8292-008B938BBC34,63,Wrap,Retailer A
374,2021-03-16,11,8,BEE9891F-628C-467C-8292-008B938BBC34,36,Wrap,Retailer A
375,2021-03-17,11,8,BEE9891F-628C-467C-8292-008B938BBC34,54,Wrap,Retailer A
376,2021-03-18,11,8,BEE9891F-628C-467C-8292-008B938BBC34,36,Wrap,Retailer A
377,2021-03-19,11,8,BEE9891F-628C-467C-8292-008B938BBC34,44,Wrap,Retailer A
378,2021-03-20,11,8,BEE9891F-628C-467C-8292-008B938BBC34,58,Wrap,Retailer A
379,2021-03-21,11,8,BEE9891F-628C-467C-8292-008B938BBC34,58,Wrap,Retailer A
380,2021-03-01,9,8,C924AF2A-05F7-4B68-93B4-1E1B3C3CC9DA,95,Wrap,Retailer B
381,2021-03-02,9,8,C924AF2A-05F7-4B68-93B4-1E1B3C3CC9DA,75,Wrap,Retailer B
382,2021-03-03,9,8,C924AF2A-05F7-4B68-93B4-1E1B3C3CC9DA,77,Wrap,Retailer B
383,2021-03-04,9,8,C924AF2A-05F7-4B68-93B4-1E1B3C3CC9DA,81,Wrap,Retailer B
384,2021-03-05,9,8,C924AF2A-05F7-4B68-93B4-1E1B3C3CC9DA,76,Wrap,Retailer B
385,2021-03-07,9,8,C924AF2A-05F7-4B68-93B4-1E1B3C3CC9DA,85,Wrap,Retailer B
386,2021-03-08,10,8,C924AF2A-05F7-4B68-93B4-1E1B3C3CC9DA,81,Wrap,Retailer B
387,2021-03-09,10,8,C924AF2A-05F7-4B68-93B4-1E1B3C3CC9DA,78,Wrap,Retailer B
388,2021-03-10,10,8,C924AF2A-05F7-4B68-93B4-1E1B3C3CC9DA,73,Wrap,Retailer B
389,2021-03-11,10,8,C924AF2A-05F7-4B68-93B4-1E1B3C3CC9DA,98,Wrap,Retailer B
390,2021-03-12,10,8,C924AF2A-05F7-4B68-93B4-1E1B3C3CC9DA,65,Wrap,Retailer B
391,2021-03-13,10,8,C924AF2A-05F7-4B68-93B4-1E1B3C3CC9DA,60,Wrap,Retailer B
392,2021-03-14,10,8,C924AF2A-05F7-4B68-93B4-1E1B3C3CC9DA,80,Wrap,Retailer B
393,2021-03-15,11,8,C924AF2A-05F7-4B68-93B4-1E1B3C3CC9DA,100,Wrap,Retailer B
394,2021-03-16,11,8,C924AF2A-05F7-4B68-93B4-1E1B3C3CC9DA,64,Wrap,Retailer B
395,2021-03-17,11,8,C924AF2A-05F7-4B68-93B4-1E1B3C3CC9DA,75,Wrap,Retailer B
396,2021-03-18,11,8,C924AF2A-05F7-4B68-93B4-1E1B3C3CC9DA,80,Wrap,Retailer B
397,2021-03-19,11,8,C924AF2A-05F7-4B68-93B4-1E1B3C3CC9DA,67,Wrap,Retailer B
398,2021-03-20,11,8,C924AF2A-05F7-4B68-93B4-1E1B3C3CC9DA,77,Wrap,Retailer B
399,2021-03-21,11,8,C924AF2A-05F7-4B68-93B4-1E1B3C3CC9DA,77,Wrap,Retailer B
400,2021-03-01,9,8,46D64632-2C73-4DBF-A3B3-EDFF547300F0,1174,Wrap,Retailer C
401,2021-03-02,9,8,46D64632-2C73-4DBF-A3B3-EDFF547300F0,1243,Wrap,Retailer C
402,2021-03-03,9,8,46D64632-2C73-4DBF-A3B3-EDFF547300F0,941,Wrap,Retailer C
403,2021-03-04,9,8,46D64632-2C73-4DBF-A3B3-EDFF547300F0,1235,Wrap,Retailer C
404,2021-03-05,9,8,46D64632-2C73-4DBF-A3B3-EDFF547300F0,1224,Wrap,Retailer C
405,2021-03-07,9,8,46D64632-2C73-4DBF-A3B3-EDFF547300F0,1131,Wrap,Retailer C
406,2021-03-08,10,8,46D64632-2C73-4DBF-A3B3-EDFF547300F0,1216,Wrap,Retailer C
407,2021-03-09,10,8,46D64632-2C73-4DBF-A3B3-EDFF547300F0,1237,Wrap,Retailer C
408,2021-03-10,10,8,46D64632-2C73-4DBF-A3B3-EDFF547300F0,1020,Wrap,Retailer C
409,2021-03-11,10,8,46D64632-2C73-4DBF-A3B3-EDFF547300F0,1148,Wrap,Retailer C
410,2021-03-12,10,8,46D64632-2C73-4DBF-A3B3-EDFF547300F0,1159,Wrap,Retailer C
411,2021-03-13,10,8,46D64632-2C73-4DBF-A3B3-EDFF547300F0,1047,Wrap,Retailer C
412,2021-03-14,10,8,46D64632-2C73-4DBF-A3B3-EDFF547300F0,1088,Wrap,Retailer C
413,2021-03-15,11,8,46D64632-2C73-4DBF-A3B3-EDFF547300F0,1117,Wrap,Retailer C
414,2021-03-16,11,8,46D64632-2C73-4DBF-A3B3-EDFF547300F0,1178,Wrap,Retailer C
415,2021-03-17,11,8,46D64632-2C73-4DBF-A3B3-EDFF547300F0,1062,Wrap,Retailer C
416,2021-03-18,11,8,46D64632-2C73-4DBF-A3B3-EDFF547300F0,1099,Wrap,Retailer C
417,2021-03-19,11,8,46D64632-2C73-4DBF-A3B3-EDFF547300F0,1066,Wrap,Retailer C
418,2021-03-20,11,8,46D64632-2C73-4DBF-A3B3-EDFF547300F0,1030,Wrap,Retailer C
419,2021-03-21,11,8,46D64632-2C73-4DBF-A3B3-EDFF547300F0,1030,Wrap,Retailer C
420,2021-03-01,9,9,C924AF2A-05F7-4B68-93B4-1E1B3C3CC9DA,13,Dip,Retailer B
421,2021-03-02,9,9,C924AF2A-05F7-4B68-93B4-1E1B3C3CC9DA,11,Dip,Retailer B
422,2021-03-03,9,9,C924AF2A-05F7-4B68-93B4-1E1B3C3CC9DA,14,Dip,Retailer B
423,2021-03-04,9,9,C924AF2A-05F7-4B68-93B4-1E1B3C3CC9DA,6,Dip,Retailer B
424,2021-03-05,9,9,C924AF2A-05F7-4B68-93B4-1E1B3C3CC9DA,20,Dip,Retailer B
425,2021-03-07,9,9,C924AF2A-05F7-4B68-93B4-1E1B3C3CC9DA,24,Dip,Retailer B
426,2021-03-08,10,9,C924AF2A-05F7-4B68-93B4-1E1B3C3CC9DA,10,Dip,Retailer B
427,2021-03-09,10,9,C924AF2A-05F7-4B68-93B4-1E1B3C3CC9DA,12,Dip,Retailer B
428,2021-03-10,10,9,C924AF2A-05F7-4B68-93B4-1E1B3C3CC9DA,14,Dip,Retailer B
429,2021-03-11,10,9,C924AF2A-05F7-4B68-93B4-1E1B3C3CC9DA,17,Dip,Retailer B
430,2021-03-12,10,9,C924AF2A-05F7-4B68-93B4-1E1B3C3CC9DA,9,Dip,Retailer B
431,2021-03-13,10,9,C924AF2A-05F7-4B68-93B4-1E1B3C3CC9DA,14,Dip,Retailer B
432,2021-03-14,10,9,C924AF2A-05F7-4B68-93B4-1E1B3C3CC9DA,11,Dip,Retailer B
433,2021-03-15,11,9,C924AF2A-05F7-4B68-93B4-1E1B3C3CC9DA,15,Dip,Retailer B
434,2021-03-16,11,9,C924AF2A-05F7-4B68-93B4-1E1B3C3CC9DA,16,Dip,Retailer B
435,2021-03-17,11,9,C924AF2A-05F7-4B68-93B4-1E1B3C3CC9DA,8,Dip,Retailer B
436,2021-03-18,11,9,C924AF2A-05F7-4B68-93B4-1E1B3C3CC9DA,10,Dip,Retailer B
437,2021-03-19,11,9,C924AF2A-05F7-4B68-93B4-1E1B3C3CC9DA,8,Dip,Retailer B
438,2021-03-20,11,9,C924AF2A-05F7-4B68-93B4-1E1B3C3CC9DA,11,Dip,Retailer B
439,2021-03-21,11,9,C924AF2A-05F7-4B68-93B4-1E1B3C3CC9DA,11,Dip,Retailer B
440,2021-03-01,9,9,46D64632-2C73-4DBF-A3B3-EDFF547300F0,105,Dip,Retailer C
441,2021-03-02,9,9,46D64632-2C73-4DBF-A3B3-EDFF547300F0,120,Dip,Retailer C
442,2021-03-03,9,9,46D64632-2C73-4DBF-A3B3-EDFF547300F0,101,Dip,Retailer C
443,2021-03-04,9,9,46D64632-2C73-4DBF-A3B3-EDFF547300F0,115,Dip,Retailer C
444,2021-03-05,9,9,46D64632-2C73-4DBF-A3B3-EDFF547300F0,197,Dip,Retailer C
445,2021-03-07,9,9,46D64632-2C73-4DBF-A3B3-EDFF547300F0,175,Dip,Retailer C
446,2021-03-08,10,9,46D64632-2C73-4DBF-A3B3-EDFF547300F0,94,Dip,Retailer C
447,2021-03-09,10,9,46D64632-2C73-4DBF-A3B3-EDFF547300F0,137,Dip,Retailer C
448,2021-03-10,10,9,46D64632-2C73-4DBF-A3B3-EDFF547300F0,111,Dip,Retailer C
449,2021-03-11,10,9,46D64632-2C73-4DBF-A3B3-EDFF547300F0,147,Dip,Retailer C
450,2021-03-12,10,9,46D64632-2C73-4DBF-A3B3-EDFF547300F0,182,Dip,Retailer C
451,2021-03-13,10,9,46D64632-2C73-4DBF-A3B3-EDFF547300F0,213,Dip,Retailer C
452,2021-03-14,10,9,46D64632-2C73-4DBF-A3B3-EDFF547300F0,182,Dip,Retailer C
453,2021-03-15,11,9,46D64632-2C73-4DBF-A3B3-EDFF547300F0,122,Dip,Retailer C
454,2021-03-16,11,9,46D64632-2C73-4DBF-A3B3-EDFF547300F0,122,Dip,Retailer C
455,2021-03-17,11,9,46D64632-2C73-4DBF-A3B3-EDFF547300F0,119,Dip,Retailer C
456,2021-03-18,11,9,46D64632-2C73-4DBF-A3B3-EDFF547300F0,134,Dip,Retailer C
457,2021-03-19,11,9,46D64632-2C73-4DBF-A3B3-EDFF547300F0,203,Dip,Retailer C
458,2021-03-20,11,9,46D64632-2C73-4DBF-A3B3-EDFF547300F0,205,Dip,Retailer C
459,2021-03-21,11,9,46D64632-2C73-4DBF-A3B3-EDFF547300F0,205,Dip,Retailer C
460,2021-03-01,9,10,C924AF2A-05F7-4B68-93B4-1E1B3C3CC9DA,1313,Fruit,Retailer B
461,2021-03-02,9,10,C924AF2A-05F7-4B68-93B4-1E1B3C3CC9DA,1209,Fruit,Retailer B
462,2021-03-03,9,10,C924AF2A-05F7-4B68-93B4-1E1B3C3CC9DA,1217,Fruit,Retailer B
463,2021-03-04,9,10,C924AF2A-05F7-4B68-93B4-1E1B3C3CC9DA,1198,Fruit,Retailer B
464,2021-03-05,9,10,C924AF2A-05F7-4B68-93B4-1E1B3C3CC9DA,1264,Fruit,Retailer B
465,2021-03-07,9,10,C924AF2A-05F7-4B68-93B4-1E1B3C3CC9DA,1803,Fruit,Retailer B
466,2021-03-08,10,10,C924AF2A-05F7-4B68-93B4-1E1B3C3CC9DA,1309,Fruit,Retailer B
467,2021-03-09,10,10,C924AF2A-05F7-4B68-93B4-1E1B3C3CC9DA,1256,Fruit,Retailer B
468,2021-03-10,10,10,C924AF2A-05F7-4B68-93B4-1E1B3C3CC9DA,1311,Fruit,Retailer B
469,2021-03-11,10,10,C924AF2A-05F7-4B68-93B4-1E1B3C3CC9DA,1358,Fruit,Retailer B
470,2021-03-12,10,10,C924AF2A-05F7-4B68-93B4-1E1B3C3CC9DA,1303,Fruit,Retailer B
471,2021-03-13,10,10,C924AF2A-05F7-4B68-93B4-1E1B3C3CC9DA,1664,Fruit,Retailer B
472,2021-03-14,10,10,C924AF2A-05F7-4B68-93B4-1E1B3C3CC9DA,1956,Fruit,Retailer B
473,2021-03-15,11,10,C924AF2A-05F7-4B68-93B4-1E1B3C3CC9DA,1399,Fruit,Retailer B
474,2021-03-16,11,10,C924AF2A-05F7-4B68-93B4-1E1B3C3CC9DA,1472,Fruit,Retailer B
475,2021-03-17,11,10,C924AF2A-05F7-4B68-93B4-1E1B3C3CC9DA,1388,Fruit,Retailer B
476,2021-03-18,11,10,C924AF2A-05F7-4B68-93B4-1E1B3C3CC9DA,1400,Fruit,Retailer B
477,2021-03-19,11,10,C924AF2A-05F7-4B68-93B4-1E1B3C3CC9DA,1605,Fruit,Retailer B
478,2021-03-20,11,10,C924AF2A-05F7-4B68-93B4-1E1B3C3CC9DA,1887,Fruit,Retailer B
479,2021-03-21,11,10,C924AF2A-05F7-4B68-93B4-1E1B3C3CC9DA,1887,Fruit,Retailer B
480,2021-03-01,9,10,46D64632-2C73-4DBF-A3B3-EDFF547300F0,11490,Fruit,Retailer C
481,2021-03-02,9,10,46D64632-2C73-4DBF-A3B3-EDFF547300F0,11307,Fruit,Retailer C
482,2021-03-03,9,10,46D64632-2C73-4DBF-A3B3-EDFF547300F0,9457,Fruit,Retailer C
483,2021-03-04,9,10,46D64632-2C73-4DBF-A3B3-EDFF547300F0,10625,Fruit,Retailer C
484,2021-03-05,9,10,46D64632-2C73-4DBF-A3B3-EDFF547300F0,11797,Fruit,Retailer C
485,2021-03-07,9,10,46D64632-2C73-4DBF-A3B3-EDFF547300F0,13874,Fruit,Retailer C
486,2021-03-08,10,10,46D64632-2C73-4DBF-A3B3-EDFF547300F0,12104,Fruit,Retailer C
487,2021-03-09,10,10,46D64632-2C73-4DBF-A3B3-EDFF547300F0,11411,Fruit,Retailer C
488,2021-03-10,10,10,46D64632-2C73-4DBF-A3B3-EDFF547300F0,10175,Fruit,Retailer C
489,2021-03-11,10,10,46D64632-2C73-4DBF-A3B3-EDFF547300F0,10477,Fruit,Retailer C
490,2021-03-12,10,10,46D64632-2C73-4DBF-A3B3-EDFF547300F0,11285,Fruit,Retailer C
491,2021-03-13,10,10,46D64632-2C73-4DBF-A3B3-EDFF547300F0,13185,Fruit,Retailer C
492,2021-03-14,10,10,46D64632-2C73-4DBF-A3B3-EDFF547300F0,13769,Fruit,Retailer C
493,2021-03-15,11,10,46D64632-2C73-4DBF-A3B3-EDFF547300F0,11025,Fruit,Retailer C
494,2021-03-16,11,10,46D64632-2C73-4DBF-A3B3-EDFF547300F0,11468,Fruit,Retailer C
495,2021-03-17,11,10,46D64632-2C73-4DBF-A3B3-EDFF547300F0,10947,Fruit,Retailer C
496,2021-03-18,11,10,46D64632-2C73-4DBF-A3B3-EDFF547300F0,10905,Fruit,Retailer C
497,2021-03-19,11,10,46D64632-2C73-4DBF-A3B3-EDFF547300F0,11459,Fruit,Retailer C
498,2021-03-20,11,10,46D64632-2C73-4DBF-A3B3-EDFF547300F0,12896,Fruit,Retailer C
499,2021-03-21,11,10,46D64632-2C73-4DBF-A3B3-EDFF547300F0,12896,Fruit,Retailer C
500,2021-03-01,9,11,C924AF2A-05F7-4B68-93B4-1E1B3C3CC9DA,44,Fruit Tray,Retailer B
501,2021-03-02,9,11,C924AF2A-05F7-4B68-93B4-1E1B3C3CC9DA,42,Fruit Tray,Retailer B
502,2021-03-03,9,11,C924AF2A-05F7-4B68-93B4-1E1B3C3CC9DA,55,Fruit Tray,Retailer B
503,2021-03-04,9,11,C924AF2A-05F7-4B68-93B4-1E1B3C3CC9DA,56,Fruit Tray,Retailer B
504,2021-03-05,9,11,C924AF2A-05F7-4B68-93B4-1E1B3C3CC9DA,85,Fruit Tray,Retailer B
505,2021-03-07,9,11,C924AF2A-05F7-4B68-93B4-1E1B3C3CC9DA,69,Fruit Tray,Retailer B
506,2021-03-08,10,11,C924AF2A-05F7-4B68-93B4-1E1B3C3CC9DA,58,Fruit Tray,Retailer B
507,2021-03-09,10,11,C924AF2A-05F7-4B68-93B4-1E1B3C3CC9DA,41,Fruit Tray,Retailer B
508,2021-03-10,10,11,C924AF2A-05F7-4B68-93B4-1E1B3C3CC9DA,57,Fruit Tray,Retailer B
509,2021-03-11,10,11,C924AF2A-05F7-4B68-93B4-1E1B3C3CC9DA,49,Fruit Tray,Retailer B
510,2021-03-12,10,11,C924AF2A-05F7-4B68-93B4-1E1B3C3CC9DA,85,Fruit Tray,Retailer B
511,2021-03-13,10,11,C924AF2A-05F7-4B68-93B4-1E1B3C3CC9DA,93,Fruit Tray,Retailer B
512,2021-03-14,10,11,C924AF2A-05F7-4B68-93B4-1E1B3C3CC9DA,75,Fruit Tray,Retailer B
513,2021-03-15,11,11,C924AF2A-05F7-4B68-93B4-1E1B3C3CC9DA,50,Fruit Tray,Retailer B
514,2021-03-16,11,11,C924AF2A-05F7-4B68-93B4-1E1B3C3CC9DA,72,Fruit Tray,Retailer B
515,2021-03-17,11,11,C924AF2A-05F7-4B68-93B4-1E1B3C3CC9DA,68,Fruit Tray,Retailer B
516,2021-03-18,11,11,C924AF2A-05F7-4B68-93B4-1E1B3C3CC9DA,56,Fruit Tray,Retailer B
517,2021-03-19,11,11,C924AF2A-05F7-4B68-93B4-1E1B3C3CC9DA,98,Fruit Tray,Retailer B
518,2021-03-20,11,11,C924AF2A-05F7-4B68-93B4-1E1B3C3CC9DA,119,Fruit Tray,Retailer B
519,2021-03-21,11,11,C924AF2A-05F7-4B68-93B4-1E1B3C3CC9DA,119,Fruit Tray,Retailer B
520,2021-03-01,9,11,46D64632-2C73-4DBF-A3B3-EDFF547300F0,268,Fruit Tray,Retailer C
521,2021-03-02,9,11,46D64632-2C73-4DBF-A3B3-EDFF547300F0,232,Fruit Tray,Retailer C
522,2021-03-03,9,11,46D64632-2C73-4DBF-A3B3-EDFF547300F0,224,Fruit Tray,Retailer C
523,2021-03-04,9,11,46D64632-2C73-4DBF-A3B3-EDFF547300F0,302,Fruit Tray,Retailer C
524,2021-03-05,9,11,46D64632-2C73-4DBF-A3B3-EDFF547300F0,477,Fruit Tray,Retailer C
525,2021-03-07,9,11,46D64632-2C73-4DBF-A3B3-EDFF547300F0,490,Fruit Tray,Retailer C
526,2021-03-08,10,11,46D64632-2C73-4DBF-A3B3-EDFF547300F0,228,Fruit Tray,Retailer C
527,2021-03-09,10,11,46D64632-2C73-4DBF-A3B3-EDFF547300F0,278,Fruit Tray,Retailer C
528,2021-03-10,10,11,46D64632-2C73-4DBF-A3B3-EDFF547300F0,288,Fruit Tray,Retailer C
529,2021-03-11,10,11,46D64632-2C73-4DBF-A3B3-EDFF547300F0,294,Fruit Tray,Retailer C
530,2021-03-12,10,11,46D64632-2C73-4DBF-A3B3-EDFF547300F0,408,Fruit Tray,Retailer C
531,2021-03-13,10,11,46D64632-2C73-4DBF-A3B3-EDFF547300F0,622,Fruit Tray,Retailer C
532,2021-03-14,10,11,46D64632-2C73-4DBF-A3B3-EDFF547300F0,430,Fruit Tray,Retailer C
533,2021-03-15,11,11,46D64632-2C73-4DBF-A3B3-EDFF547300F0,223,Fruit Tray,Retailer C
534,2021-03-16,11,11,46D64632-2C73-4DBF-A3B3-EDFF547300F0,308,Fruit Tray,Retailer C
535,2021-03-17,11,11,46D64632-2C73-4DBF-A3B3-EDFF547300F0,326,Fruit Tray,Retailer C
536,2021-03-18,11,11,46D64632-2C73-4DBF-A3B3-EDFF547300F0,351,Fruit Tray,Retailer C
537,2021-03-19,11,11,46D64632-2C73-4DBF-A3B3-EDFF547300F0,472,Fruit Tray,Retailer C
538,2021-03-20,11,11,46D64632-2C73-4DBF-A3B3-EDFF547300F0,616,Fruit Tray,Retailer C
539,2021-03-21,11,11,46D64632-2C73-4DBF-A3B3-EDFF547300F0,616,Fruit Tray,Retailer C
540,2021-03-01,9,12,C924AF2A-05F7-4B68-93B4-1E1B3C3CC9DA,1,Meal Kit,Retailer B
541,2021-03-02,9,12,C924AF2A-05F7-4B68-93B4-1E1B3C3CC9DA,0,Meal Kit,Retailer B
542,2021-03-03,9,12,C924AF2A-05F7-4B68-93B4-1E1B3C3CC9DA,4,Meal Kit,Retailer B
543,2021-03-04,9,12,C924AF2A-05F7-4B68-93B4-1E1B3C3CC9DA,4,Meal Kit,Retailer B
544,2021-03-05,9,12,C924AF2A-05F7-4B68-93B4-1E1B3C3CC9DA,0,Meal Kit,Retailer B
545,2021-03-07,9,12,C924AF2A-05F7-4B68-93B4-1E1B3C3CC9DA,0,Meal Kit,Retailer B
546,2021-03-08,10,12,C924AF2A-05F7-4B68-93B4-1E1B3C3CC9DA,0,Meal Kit,Retailer B
547,2021-03-09,10,12,C924AF2A-05F7-4B68-93B4-1E1B3C3CC9DA,0,Meal Kit,Retailer B
548,2021-03-10,10,12,C924AF2A-05F7-4B68-93B4-1E1B3C3CC9DA,1,Meal Kit,Retailer B
549,2021-03-11,10,12,C924AF2A-05F7-4B68-93B4-1E1B3C3CC9DA,0,Meal Kit,Retailer B
550,2021-03-12,10,12,C924AF2A-05F7-4B68-93B4-1E1B3C3CC9DA,0,Meal Kit,Retailer B
551,2021-03-13,10,12,C924AF2A-05F7-4B68-93B4-1E1B3C3CC9DA,0,Meal Kit,Retailer B
552,2021-03-14,10,12,C924AF2A-05F7-4B68-93B4-1E1B3C3CC9DA,0,Meal Kit,Retailer B
553,2021-03-15,11,12,C924AF2A-05F7-4B68-93B4-1E1B3C3CC9DA,2,Meal Kit,Retailer B
554,2021-03-16,11,12,C924AF2A-05F7-4B68-93B4-1E1B3C3CC9DA,4,Meal Kit,Retailer B
555,2021-03-17,11,12,C924AF2A-05F7-4B68-93B4-1E1B3C3CC9DA,0,Meal Kit,Retailer B
556,2021-03-18,11,12,C924AF2A-05F7-4B68-93B4-1E1B3C3CC9DA,0,Meal Kit,Retailer B
557,2021-03-19,11,12,C924AF2A-05F7-4B68-93B4-1E1B3C3CC9DA,4,Meal Kit,Retailer B
558,2021-03-20,11,12,C924AF2A-05F7-4B68-93B4-1E1B3C3CC9DA,3,Meal Kit,Retailer B
559,2021-03-21,11,12,C924AF2A-05F7-4B68-93B4-1E1B3C3CC9DA,3,Meal Kit,Retailer B
560,2021-03-01,9,13,C924AF2A-05F7-4B68-93B4-1E1B3C3CC9DA,5,Platter,Retailer B
561,2021-03-02,9,13,C924AF2A-05F7-4B68-93B4-1E1B3C3CC9DA,5,Platter,Retailer B
562,2021-03-03,9,13,C924AF2A-05F7-4B68-93B4-1E1B3C3CC9DA,10,Platter,Retailer B
563,2021-03-04,9,13,C924AF2A-05F7-4B68-93B4-1E1B3C3CC9DA,9,Platter,Retailer B
564,2021-03-05,9,13,C924AF2A-05F7-4B68-93B4-1E1B3C3CC9DA,13,Platter,Retailer B
565,2021-03-07,9,13,C924AF2A-05F7-4B68-93B4-1E1B3C3CC9DA,5,Platter,Retailer B
566,2021-03-08,10,13,C924AF2A-05F7-4B68-93B4-1E1B3C3CC9DA,6,Platter,Retailer B
567,2021-03-09,10,13,C924AF2A-05F7-4B68-93B4-1E1B3C3CC9DA,13,Platter,Retailer B
568,2021-03-10,10,13,C924AF2A-05F7-4B68-93B4-1E1B3C3CC9DA,5,Platter,Retailer B
569,2021-03-11,10,13,C924AF2A-05F7-4B68-93B4-1E1B3C3CC9DA,0,Platter,Retailer B
570,2021-03-12,10,13,C924AF2A-05F7-4B68-93B4-1E1B3C3CC9DA,18,Platter,Retailer B
571,2021-03-13,10,13,C924AF2A-05F7-4B68-93B4-1E1B3C3CC9DA,19,Platter,Retailer B
572,2021-03-14,10,13,C924AF2A-05F7-4B68-93B4-1E1B3C3CC9DA,9,Platter,Retailer B
573,2021-03-15,11,13,C924AF2A-05F7-4B68-93B4-1E1B3C3CC9DA,7,Platter,Retailer B
574,2021-03-16,11,13,C924AF2A-05F7-4B68-93B4-1E1B3C3CC9DA,17,Platter,Retailer B
575,2021-03-17,11,13,C924AF2A-05F7-4B68-93B4-1E1B3C3CC9DA,0,Platter,Retailer B
576,2021-03-18,11,13,C924AF2A-05F7-4B68-93B4-1E1B3C3CC9DA,8,Platter,Retailer B
577,2021-03-19,11,13,C924AF2A-05F7-4B68-93B4-1E1B3C3CC9DA,3,Platter,Retailer B
578,2021-03-20,11,13,C924AF2A-05F7-4B68-93B4-1E1B3C3CC9DA,18,Platter,Retailer B
579,2021-03-21,11,13,C924AF2A-05F7-4B68-93B4-1E1B3C3CC9DA,18,Platter,Retailer B
580,2021-03-01,9,13,46D64632-2C73-4DBF-A3B3-EDFF547300F0,101,Platter,Retailer C
581,2021-03-02,9,13,46D64632-2C73-4DBF-A3B3-EDFF547300F0,97,Platter,Retailer C
582,2021-03-03,9,13,46D64632-2C73-4DBF-A3B3-EDFF547300F0,126,Platter,Retailer C
583,2021-03-04,9,13,46D64632-2C73-4DBF-A3B3-EDFF547300F0,133,Platter,Retailer C
584,2021-03-05,9,13,46D64632-2C73-4DBF-A3B3-EDFF547300F0,258,Platter,Retailer C
585,2021-03-07,9,13,46D64632-2C73-4DBF-A3B3-EDFF547300F0,192,Platter,Retailer C
586,2021-03-08,10,13,46D64632-2C73-4DBF-A3B3-EDFF547300F0,105,Platter,Retailer C
587,2021-03-09,10,13,46D64632-2C73-4DBF-A3B3-EDFF547300F0,105,Platter,Retailer C
588,2021-03-10,10,13,46D64632-2C73-4DBF-A3B3-EDFF547300F0,133,Platter,Retailer C
589,2021-03-11,10,13,46D64632-2C73-4DBF-A3B3-EDFF547300F0,166,Platter,Retailer C
590,2021-03-12,10,13,46D64632-2C73-4DBF-A3B3-EDFF547300F0,237,Platter,Retailer C
591,2021-03-13,10,13,46D64632-2C73-4DBF-A3B3-EDFF547300F0,328,Platter,Retailer C
592,2021-03-14,10,13,46D64632-2C73-4DBF-A3B3-EDFF547300F0,218,Platter,Retailer C
593,2021-03-15,11,13,46D64632-2C73-4DBF-A3B3-EDFF547300F0,128,Platter,Retailer C
594,2021-03-16,11,13,46D64632-2C73-4DBF-A3B3-EDFF547300F0,142,Platter,Retailer C
595,2021-03-17,11,13,46D64632-2C73-4DBF-A3B3-EDFF547300F0,192,Platter,Retailer C
596,2021-03-18,11,13,46D64632-2C73-4DBF-A3B3-EDFF547300F0,174,Platter,Retailer C
597,2021-03-19,11,13,46D64632-2C73-4DBF-A3B3-EDFF547300F0,237,Platter,Retailer C
598,2021-03-20,11,13,46D64632-2C73-4DBF-A3B3-EDFF547300F0,396,Platter,Retailer C
599,2021-03-21,11,13,46D64632-2C73-4DBF-A3B3-EDFF547300F0,396,Platter,Retailer C
600,2021-03-01,9,14,C924AF2A-05F7-4B68-93B4-1E1B3C3CC9DA,12,Vegetable Tray,Retailer B
601,2021-03-02,9,14,C924AF2A-05F7-4B68-93B4-1E1B3C3CC9DA,8,Vegetable Tray,Retailer B
602,2021-03-03,9,14,C924AF2A-05F7-4B68-93B4-1E1B3C3CC9DA,7,Vegetable Tray,Retailer B
603,2021-03-04,9,14,C924AF2A-05F7-4B68-93B4-1E1B3C3CC9DA,13,Vegetable Tray,Retailer B
604,2021-03-05,9,14,C924AF2A-05F7-4B68-93B4-1E1B3C3CC9DA,14,Vegetable Tray,Retailer B
605,2021-03-07,9,14,C924AF2A-05F7-4B68-93B4-1E1B3C3CC9DA,12,Vegetable Tray,Retailer B
606,2021-03-08,10,14,C924AF2A-05F7-4B68-93B4-1E1B3C3CC9DA,18,Vegetable Tray,Retailer B
607,2021-03-09,10,14,C924AF2A-05F7-4B68-93B4-1E1B3C3CC9DA,12,Vegetable Tray,Retailer B
608,2021-03-10,10,14,C924AF2A-05F7-4B68-93B4-1E1B3C3CC9DA,21,Vegetable Tray,Retailer B
609,2021-03-11,10,14,C924AF2A-05F7-4B68-93B4-1E1B3C3CC9DA,8,Vegetable Tray,Retailer B
610,2021-03-12,10,14,C924AF2A-05F7-4B68-93B4-1E1B3C3CC9DA,28,Vegetable Tray,Retailer B
611,2021-03-13,10,14,C924AF2A-05F7-4B68-93B4-1E1B3C3CC9DA,19,Vegetable Tray,Retailer B
612,2021-03-14,10,14,C924AF2A-05F7-4B68-93B4-1E1B3C3CC9DA,26,Vegetable Tray,Retailer B
613,2021-03-15,11,14,C924AF2A-05F7-4B68-93B4-1E1B3C3CC9DA,15,Vegetable Tray,Retailer B
614,2021-03-16,11,14,C924AF2A-05F7-4B68-93B4-1E1B3C3CC9DA,8,Vegetable Tray,Retailer B
615,2021-03-17,11,14,C924AF2A-05F7-4B68-93B4-1E1B3C3CC9DA,10,Vegetable Tray,Retailer B
616,2021-03-18,11,14,C924AF2A-05F7-4B68-93B4-1E1B3C3CC9DA,23,Vegetable Tray,Retailer B
617,2021-03-19,11,14,C924AF2A-05F7-4B68-93B4-1E1B3C3CC9DA,30,Vegetable Tray,Retailer B
618,2021-03-20,11,14,C924AF2A-05F7-4B68-93B4-1E1B3C3CC9DA,28,Vegetable Tray,Retailer B
619,2021-03-21,11,14,C924AF2A-05F7-4B68-93B4-1E1B3C3CC9DA,28,Vegetable Tray,Retailer B
620,2021-03-01,9,14,46D64632-2C73-4DBF-A3B3-EDFF547300F0,15,Vegetable Tray,Retailer C
621,2021-03-02,9,14,46D64632-2C73-4DBF-A3B3-EDFF547300F0,18,Vegetable Tray,Retailer C
622,2021-03-03,9,14,46D64632-2C73-4DBF-A3B3-EDFF547300F0,9,Vegetable Tray,Retailer C
623,2021-03-04,9,14,46D64632-2C73-4DBF-A3B3-EDFF547300F0,26,Vegetable Tray,Retailer C
624,2021-03-05,9,14,46D64632-2C73-4DBF-A3B3-EDFF547300F0,40,Vegetable Tray,Retailer C
625,2021-03-07,9,14,46D64632-2C73-4DBF-A3B3-EDFF547300F0,35,Vegetable Tray,Retailer C
626,2021-03-08,10,14,46D64632-2C73-4DBF-A3B3-EDFF547300F0,18,Vegetable Tray,Retailer C
627,2021-03-09,10,14,46D64632-2C73-4DBF-A3B3-EDFF547300F0,16,Vegetable Tray,Retailer C
628,2021-03-10,10,14,46D64632-2C73-4DBF-A3B3-EDFF547300F0,13,Vegetable Tray,Retailer C
629,2021-03-11,10,14,46D64632-2C73-4DBF-A3B3-EDFF547300F0,24,Vegetable Tray,Retailer C
630,2021-03-12,10,14,46D64632-2C73-4DBF-A3B3-EDFF547300F0,43,Vegetable Tray,Retailer C
631,2021-03-13,10,14,46D64632-2C73-4DBF-A3B3-EDFF547300F0,81,Vegetable Tray,Retailer C
632,2021-03-14,10,14,46D64632-2C73-4DBF-A3B3-EDFF547300F0,38,Vegetable Tray,Retailer C
633,2021-03-15,11,14,46D64632-2C73-4DBF-A3B3-EDFF547300F0,20,Vegetable Tray,Retailer C
634,2021-03-16,11,14,46D64632-2C73-4DBF-A3B3-EDFF547300F0,28,Vegetable Tray,Retailer C
635,2021-03-17,11,14,46D64632-2C73-4DBF-A3B3-EDFF547300F0,13,Vegetable Tray,Retailer C
636,2021-03-18,11,14,46D64632-2C73-4DBF-A3B3-EDFF547300F0,22,Vegetable Tray,Retailer C
637,2021-03-19,11,14,46D64632-2C73-4DBF-A3B3-EDFF547300F0,41,Vegetable Tray,Retailer C
638,2021-03-20,11,14,46D64632-2C73-4DBF-A3B3-EDFF547300F0,71,Vegetable Tray,Retailer C
639,2021-03-21,11,14,46D64632-2C73-4DBF-A3B3-EDFF547300F0,71,Vegetable Tray,Retailer C
640,2021-03-01,9,15,C924AF2A-05F7-4B68-93B4-1E1B3C3CC9DA,828,Vegetables,Retailer B
641,2021-03-02,9,15,C924AF2A-05F7-4B68-93B4-1E1B3C3CC9DA,696,Vegetables,Retailer B
642,2021-03-03,9,15,C924AF2A-05F7-4B68-93B4-1E1B3C3CC9DA,588,Vegetables,Retailer B
643,2021-03-04,9,15,C924AF2A-05F7-4B68-93B4-1E1B3C3CC9DA,663,Vegetables,Retailer B
644,2021-03-05,9,15,C924AF2A-05F7-4B68-93B4-1E1B3C3CC9DA,762,Vegetables,Retailer B
645,2021-03-07,9,15,C924AF2A-05F7-4B68-93B4-1E1B3C3CC9DA,1315,Vegetables,Retailer B
646,2021-03-08,10,15,C924AF2A-05F7-4B68-93B4-1E1B3C3CC9DA,886,Vegetables,Retailer B
647,2021-03-09,10,15,C924AF2A-05F7-4B68-93B4-1E1B3C3CC9DA,766,Vegetables,Retailer B
648,2021-03-10,10,15,C924AF2A-05F7-4B68-93B4-1E1B3C3CC9DA,658,Vegetables,Retailer B
649,2021-03-11,10,15,C924AF2A-05F7-4B68-93B4-1E1B3C3CC9DA,620,Vegetables,Retailer B
650,2021-03-12,10,15,C924AF2A-05F7-4B68-93B4-1E1B3C3CC9DA,713,Vegetables,Retailer B
651,2021-03-13,10,15,C924AF2A-05F7-4B68-93B4-1E1B3C3CC9DA,901,Vegetables,Retailer B
652,2021-03-14,10,15,C924AF2A-05F7-4B68-93B4-1E1B3C3CC9DA,1214,Vegetables,Retailer B
653,2021-03-20,11,15,C924AF2A-05F7-4B68-93B4-1E1B3C3CC9DA,936,Vegetables,Retailer B
654,2021-03-21,11,15,C924AF2A-05F7-4B68-93B4-1E1B3C3CC9DA,936,Vegetables,Retailer B
655,2021-03-01,9,15,46D64632-2C73-4DBF-A3B3-EDFF547300F0,8579,Vegetables,Retailer C
656,2021-03-02,9,15,46D64632-2C73-4DBF-A3B3-EDFF547300F0,7506,Vegetables,Retailer C
657,2021-03-03,9,15,46D64632-2C73-4DBF-A3B3-EDFF547300F0,6638,Vegetables,Retailer C
658,2021-03-04,9,15,46D64632-2C73-4DBF-A3B3-EDFF547300F0,6636,Vegetables,Retailer C
659,2021-03-05,9,15,46D64632-2C73-4DBF-A3B3-EDFF547300F0,7034,Vegetables,Retailer C
660,2021-03-07,9,15,46D64632-2C73-4DBF-A3B3-EDFF547300F0,10474,Vegetables,Retailer C
661,2021-03-08,10,15,46D64632-2C73-4DBF-A3B3-EDFF547300F0,8602,Vegetables,Retailer C
662,2021-03-09,10,15,46D64632-2C73-4DBF-A3B3-EDFF547300F0,7787,Vegetables,Retailer C
663,2021-03-10,10,15,46D64632-2C73-4DBF-A3B3-EDFF547300F0,6924,Vegetables,Retailer C
664,2021-03-11,10,15,46D64632-2C73-4DBF-A3B3-EDFF547300F0,6778,Vegetables,Retailer C
665,2021-03-12,10,15,46D64632-2C73-4DBF-A3B3-EDFF547300F0,6908,Vegetables,Retailer C
666,2021-03-13,10,15,46D64632-2C73-4DBF-A3B3-EDFF547300F0,8336,Vegetables,Retailer C
667,2021-03-14,10,15,46D64632-2C73-4DBF-A3B3-EDFF547300F0,10147,Vegetables,Retailer C
668,2021-03-20,11,15,46D64632-2C73-4DBF-A3B3-EDFF547300F0,7891,Vegetables,Retailer C
669,2021-03-21,11,15,46D64632-2C73-4DBF-A3B3-EDFF547300F0,7891,Vegetables,Retailer C
670,2021-03-01,9,16,46D64632-2C73-4DBF-A3B3-EDFF547300F0,4,Cut Fruit,Retailer C
671,2021-03-02,9,16,46D64632-2C73-4DBF-A3B3-EDFF547300F0,0,Cut Fruit,Retailer C
672,2021-03-03,9,16,46D64632-2C73-4DBF-A3B3-EDFF547300F0,1,Cut Fruit,Retailer C
673,2021-03-04,9,16,46D64632-2C73-4DBF-A3B3-EDFF547300F0,0,Cut Fruit,Retailer C
674,2021-03-05,9,16,46D64632-2C73-4DBF-A3B3-EDFF547300F0,0,Cut Fruit,Retailer C
675,2021-03-07,9,16,46D64632-2C73-4DBF-A3B3-EDFF547300F0,0,Cut Fruit,Retailer C
676,2021-03-08,10,16,46D64632-2C73-4DBF-A3B3-EDFF547300F0,0,Cut Fruit,Retailer C
677,2021-03-09,10,16,46D64632-2C73-4DBF-A3B3-EDFF547300F0,1,Cut Fruit,Retailer C
678,2021-03-10,10,16,46D64632-2C73-4DBF-A3B3-EDFF547300F0,0,Cut Fruit,Retailer C
679,2021-03-11,10,16,46D64632-2C73-4DBF-A3B3-EDFF547300F0,4,Cut Fruit,Retailer C
680,2021-03-12,10,16,46D64632-2C73-4DBF-A3B3-EDFF547300F0,1,Cut Fruit,Retailer C
681,2021-03-13,10,16,46D64632-2C73-4DBF-A3B3-EDFF547300F0,3,Cut Fruit,Retailer C
682,2021-03-14,10,16,46D64632-2C73-4DBF-A3B3-EDFF547300F0,0,Cut Fruit,Retailer C
683,2021-03-15,11,16,46D64632-2C73-4DBF-A3B3-EDFF547300F0,0,Cut Fruit,Retailer C
684,2021-03-16,11,16,46D64632-2C73-4DBF-A3B3-EDFF547300F0,4,Cut Fruit,Retailer C
685,2021-03-17,11,16,46D64632-2C73-4DBF-A3B3-EDFF547300F0,0,Cut Fruit,Retailer C
686,2021-03-18,11,16,46D64632-2C73-4DBF-A3B3-EDFF547300F0,0,Cut Fruit,Retailer C
687,2021-03-19,11,16,46D64632-2C73-4DBF-A3B3-EDFF547300F0,0,Cut Fruit,Retailer C
688,2021-03-20,11,16,46D64632-2C73-4DBF-A3B3-EDFF547300F0,2,Cut Fruit,Retailer C
689,2021-03-21,11,16,46D64632-2C73-4DBF-A3B3-EDFF547300F0,2,Cut Fruit,Retailer C
690,2021-03-01,9,17,46D64632-2C73-4DBF-A3B3-EDFF547300F0,2,Cut Vegetables,Retailer C
691,2021-03-02,9,17,46D64632-2C73-4DBF-A3B3-EDFF547300F0,1,Cut Vegetables,Retailer C
692,2021-03-03,9,17,46D64632-2C73-4DBF-A3B3-EDFF547300F0,0,Cut Vegetables,Retailer C
693,2021-03-04,9,17,46D64632-2C73-4DBF-A3B3-EDFF547300F0,0,Cut Vegetables,Retailer C
694,2021-03-05,9,17,46D64632-2C73-4DBF-A3B3-EDFF547300F0,1,Cut Vegetables,Retailer C
695,2021-03-07,9,17,46D64632-2C73-4DBF-A3B3-EDFF547300F0,0,Cut Vegetables,Retailer C
696,2021-03-08,10,17,46D64632-2C73-4DBF-A3B3-EDFF547300F0,0,Cut Vegetables,Retailer C
697,2021-03-09,10,17,46D64632-2C73-4DBF-A3B3-EDFF547300F0,0,Cut Vegetables,Retailer C
698,2021-03-10,10,17,46D64632-2C73-4DBF-A3B3-EDFF547300F0,0,Cut Vegetables,Retailer C
699,2021-03-11,10,17,46D64632-2C73-4DBF-A3B3-EDFF547300F0,1,Cut Vegetables,Retailer C
700,2021-03-12,10,17,46D64632-2C73-4DBF-A3B3-EDFF547300F0,0,Cut Vegetables,Retailer C
701,2021-03-13,10,17,46D64632-2C73-4DBF-A3B3-EDFF547300F0,2,Cut Vegetables,Retailer C
702,2021-03-14,10,17,46D64632-2C73-4DBF-A3B3-EDFF547300F0,4,Cut Vegetables,Retailer C
703,2021-03-15,11,17,46D64632-2C73-4DBF-A3B3-EDFF547300F0,0,Cut Vegetables,Retailer C
704,2021-03-16,11,17,46D64632-2C73-4DBF-A3B3-EDFF547300F0,0,Cut Vegetables,Retailer C
705,2021-03-01,9,18,46D64632-2C73-4DBF-A3B3-EDFF547300F0,1,Dips,Retailer C
706,2021-03-02,9,18,46D64632-2C73-4DBF-A3B3-EDFF547300F0,4,Dips,Retailer C
707,2021-03-03,9,18,46D64632-2C73-4DBF-A3B3-EDFF547300F0,0,Dips,Retailer C
708,2021-03-04,9,18,46D64632-2C73-4DBF-A3B3-EDFF547300F0,0,Dips,Retailer C
709,2021-03-05,9,18,46D64632-2C73-4DBF-A3B3-EDFF547300F0,0,Dips,Retailer C
710,2021-03-07,9,18,46D64632-2C73-4DBF-A3B3-EDFF547300F0,2,Dips,Retailer C
711,2021-03-08,10,18,46D64632-2C73-4DBF-A3B3-EDFF547300F0,0,Dips,Retailer C
712,2021-03-09,10,18,46D64632-2C73-4DBF-A3B3-EDFF547300F0,0,Dips,Retailer C
713,2021-03-10,10,18,46D64632-2C73-4DBF-A3B3-EDFF547300F0,1,Dips,Retailer C
714,2021-03-11,10,18,46D64632-2C73-4DBF-A3B3-EDFF547300F0,0,Dips,Retailer C
715,2021-03-12,10,18,46D64632-2C73-4DBF-A3B3-EDFF547300F0,0,Dips,Retailer C
716,2021-03-13,10,18,46D64632-2C73-4DBF-A3B3-EDFF547300F0,2,Dips,Retailer C
717,2021-03-14,10,18,46D64632-2C73-4DBF-A3B3-EDFF547300F0,0,Dips,Retailer C
718,2021-03-15,11,18,46D64632-2C73-4DBF-A3B3-EDFF547300F0,4,Dips,Retailer C
719,2021-03-16,11,18,46D64632-2C73-4DBF-A3B3-EDFF547300F0,3,Dips,Retailer C
720,2021-03-17,11,18,46D64632-2C73-4DBF-A3B3-EDFF547300F0,0,Dips,Retailer C
721,2021-03-18,11,18,46D64632-2C73-4DBF-A3B3-EDFF547300F0,0,Dips,Retailer C
722,2021-03-19,11,18,46D64632-2C73-4DBF-A3B3-EDFF547300F0,0,Dips,Retailer C
723,2021-03-20,11,18,46D64632-2C73-4DBF-A3B3-EDFF547300F0,1,Dips,Retailer C
724,2021-03-21,11,18,46D64632-2C73-4DBF-A3B3-EDFF547300F0,1,Dips,Retailer C
725,2021-03-01,9,19,46D64632-2C73-4DBF-A3B3-EDFF547300F0,13,Individual Snack Tray,Retailer C
726,2021-03-02,9,19,46D64632-2C73-4DBF-A3B3-EDFF547300F0,6,Individual Snack Tray,Retailer C
727,2021-03-03,9,19,46D64632-2C73-4DBF-A3B3-EDFF547300F0,7,Individual Snack Tray,Retailer C
728,2021-03-04,9,19,46D64632-2C73-4DBF-A3B3-EDFF547300F0,5,Individual Snack Tray,Retailer C
729,2021-03-05,9,19,46D64632-2C73-4DBF-A3B3-EDFF547300F0,6,Individual Snack Tray,Retailer C
730,2021-03-07,9,19,46D64632-2C73-4DBF-A3B3-EDFF547300F0,11,Individual Snack Tray,Retailer C
731,2021-03-08,10,19,46D64632-2C73-4DBF-A3B3-EDFF547300F0,13,Individual Snack Tray,Retailer C
732,2021-03-09,10,19,46D64632-2C73-4DBF-A3B3-EDFF547300F0,14,Individual Snack Tray,Retailer C
733,2021-03-10,10,19,46D64632-2C73-4DBF-A3B3-EDFF547300F0,0,Individual Snack Tray,Retailer C
734,2021-03-11,10,19,46D64632-2C73-4DBF-A3B3-EDFF547300F0,5,Individual Snack Tray,Retailer C
735,2021-03-12,10,19,46D64632-2C73-4DBF-A3B3-EDFF547300F0,2,Individual Snack Tray,Retailer C
736,2021-03-13,10,19,46D64632-2C73-4DBF-A3B3-EDFF547300F0,0,Individual Snack Tray,Retailer C
737,2021-03-14,10,19,46D64632-2C73-4DBF-A3B3-EDFF547300F0,8,Individual Snack Tray,Retailer C
738,2021-03-15,11,19,46D64632-2C73-4DBF-A3B3-EDFF547300F0,9,Individual Snack Tray,Retailer C
739,2021-03-16,11,19,46D64632-2C73-4DBF-A3B3-EDFF547300F0,10,Individual Snack Tray,Retailer C
740,2021-03-17,11,19,46D64632-2C73-4DBF-A3B3-EDFF547300F0,7,Individual Snack Tray,Retailer C
741,2021-03-18,11,19,46D64632-2C73-4DBF-A3B3-EDFF547300F0,10,Individual Snack Tray,Retailer C
742,2021-03-19,11,19,46D64632-2C73-4DBF-A3B3-EDFF547300F0,8,Individual Snack Tray,Retailer C
743,2021-03-20,11,19,46D64632-2C73-4DBF-A3B3-EDFF547300F0,3,Individual Snack Tray,Retailer C
744,2021-03-21,11,19,46D64632-2C73-4DBF-A3B3-EDFF547300F0,3,Individual Snack Tray,Retailer C
745,2021-03-01,9,20,46D64632-2C73-4DBF-A3B3-EDFF547300F0,357,Parfait,Retailer C
746,2021-03-02,9,20,46D64632-2C73-4DBF-A3B3-EDFF547300F0,374,Parfait,Retailer C
747,2021-03-03,9,20,46D64632-2C73-4DBF-A3B3-EDFF547300F0,346,Parfait,Retailer C
748,2021-03-04,9,20,46D64632-2C73-4DBF-A3B3-EDFF547300F0,366,Parfait,Retailer C
749,2021-03-05,9,20,46D64632-2C73-4DBF-A3B3-EDFF547300F0,340,Parfait,Retailer C
750,2021-03-07,9,20,46D64632-2C73-4DBF-A3B3-EDFF547300F0,350,Parfait,Retailer C
751,2021-03-08,10,20,46D64632-2C73-4DBF-A3B3-EDFF547300F0,373,Parfait,Retailer C
752,2021-03-09,10,20,46D64632-2C73-4DBF-A3B3-EDFF547300F0,380,Parfait,Retailer C
753,2021-03-10,10,20,46D64632-2C73-4DBF-A3B3-EDFF547300F0,349,Parfait,Retailer C
754,2021-03-11,10,20,46D64632-2C73-4DBF-A3B3-EDFF547300F0,362,Parfait,Retailer C
755,2021-03-12,10,20,46D64632-2C73-4DBF-A3B3-EDFF547300F0,356,Parfait,Retailer C
756,2021-03-13,10,20,46D64632-2C73-4DBF-A3B3-EDFF547300F0,368,Parfait,Retailer C
757,2021-03-14,10,20,46D64632-2C73-4DBF-A3B3-EDFF547300F0,380,Parfait,Retailer C
758,2021-03-15,11,20,46D64632-2C73-4DBF-A3B3-EDFF547300F0,361,Parfait,Retailer C
759,2021-03-16,11,20,46D64632-2C73-4DBF-A3B3-EDFF547300F0,350,Parfait,Retailer C
760,2021-03-17,11,20,46D64632-2C73-4DBF-A3B3-EDFF547300F0,401,Parfait,Retailer C
761,2021-03-18,11,20,46D64632-2C73-4DBF-A3B3-EDFF547300F0,387,Parfait,Retailer C
762,2021-03-19,11,20,46D64632-2C73-4DBF-A3B3-EDFF547300F0,370,Parfait,Retailer C
763,2021-03-20,11,20,46D64632-2C73-4DBF-A3B3-EDFF547300F0,407,Parfait,Retailer C
764,2021-03-21,11,20,46D64632-2C73-4DBF-A3B3-EDFF547300F0,407,Parfait,Retailer C
765,2021-03-19,11,21,46D64632-2C73-4DBF-A3B3-EDFF547300F0,0,Sandwiches,Retailer C
766,2021-03-20,11,21,46D64632-2C73-4DBF-A3B3-EDFF547300F0,0,Sandwiches,Retailer C
767,2021-03-21,11,21,46D64632-2C73-4DBF-A3B3-EDFF547300F0,0,Sandwiches,Retailer C
768,2021-03-01,9,22,46D64632-2C73-4DBF-A3B3-EDFF547300F0,57,Snacks,Retailer C
769,2021-03-02,9,22,46D64632-2C73-4DBF-A3B3-EDFF547300F0,60,Snacks,Retailer C
770,2021-03-03,9,22,46D64632-2C73-4DBF-A3B3-EDFF547300F0,32,Snacks,Retailer C
771,2021-03-04,9,22,46D64632-2C73-4DBF-A3B3-EDFF547300F0,53,Snacks,Retailer C
772,2021-03-05,9,22,46D64632-2C73-4DBF-A3B3-EDFF547300F0,73,Snacks,Retailer C
773,2021-03-07,9,22,46D64632-2C73-4DBF-A3B3-EDFF547300F0,82,Snacks,Retailer C
774,2021-03-08,10,22,46D64632-2C73-4DBF-A3B3-EDFF547300F0,64,Snacks,Retailer C
775,2021-03-09,10,22,46D64632-2C73-4DBF-A3B3-EDFF547300F0,69,Snacks,Retailer C
776,2021-03-10,10,22,46D64632-2C73-4DBF-A3B3-EDFF547300F0,49,Snacks,Retailer C
777,2021-03-11,10,22,46D64632-2C73-4DBF-A3B3-EDFF547300F0,46,Snacks,Retailer C
778,2021-03-12,10,22,46D64632-2C73-4DBF-A3B3-EDFF547300F0,50,Snacks,Retailer C
779,2021-03-13,10,22,46D64632-2C73-4DBF-A3B3-EDFF547300F0,50,Snacks,Retailer C
780,2021-03-14,10,22,46D64632-2C73-4DBF-A3B3-EDFF547300F0,64,Snacks,Retailer C
781,2021-03-15,11,22,46D64632-2C73-4DBF-A3B3-EDFF547300F0,51,Snacks,Retailer C
782,2021-03-16,11,22,46D64632-2C73-4DBF-A3B3-EDFF547300F0,44,Snacks,Retailer C
783,2021-03-17,11,22,46D64632-2C73-4DBF-A3B3-EDFF547300F0,55,Snacks,Retailer C
784,2021-03-18,11,22,46D64632-2C73-4DBF-A3B3-EDFF547300F0,54,Snacks,Retailer C
785,2021-03-19,11,22,46D64632-2C73-4DBF-A3B3-EDFF547300F0,49,Snacks,Retailer C
786,2021-03-20,11,22,46D64632-2C73-4DBF-A3B3-EDFF547300F0,68,Snacks,Retailer C
787,2021-03-21,11,22,46D64632-2C73-4DBF-A3B3-EDFF547300F0,68,Snacks,Retailer C
788,2021-03-01,9,23,46D64632-2C73-4DBF-A3B3-EDFF547300F0,0,Vegetable Trays,Retailer C
789,2021-03-02,9,23,46D64632-2C73-4DBF-A3B3-EDFF547300F0,0,Vegetable Trays,Retailer C
790,2021-03-03,9,23,46D64632-2C73-4DBF-A3B3-EDFF547300F0,0,Vegetable Trays,Retailer C
791,2021-03-04,9,23,46D64632-2C73-4DBF-A3B3-EDFF547300F0,2,Vegetable Trays,Retailer C
792,2021-03-05,9,23,46D64632-2C73-4DBF-A3B3-EDFF547300F0,0,Vegetable Trays,Retailer C
793,2021-03-07,9,23,46D64632-2C73-4DBF-A3B3-EDFF547300F0,0,Vegetable Trays,Retailer C
794,2021-03-08,10,23,46D64632-2C73-4DBF-A3B3-EDFF547300F0,0,Vegetable Trays,Retailer C
795,2021-03-09,10,23,46D64632-2C73-4DBF-A3B3-EDFF547300F0,0,Vegetable Trays,Retailer C
796,2021-03-10,10,23,46D64632-2C73-4DBF-A3B3-EDFF547300F0,2,Vegetable Trays,Retailer C
797,2021-03-11,10,23,46D64632-2C73-4DBF-A3B3-EDFF547300F0,0,Vegetable Trays,Retailer C
798,2021-03-12,10,23,46D64632-2C73-4DBF-A3B3-EDFF547300F0,0,Vegetable Trays,Retailer C
799,2021-03-13,10,23,46D64632-2C73-4DBF-A3B3-EDFF547300F0,1,Vegetable Trays,Retailer C
800,2021-03-14,10,23,46D64632-2C73-4DBF-A3B3-EDFF547300F0,0,Vegetable Trays,Retailer C
801,2021-03-15,11,23,46D64632-2C73-4DBF-A3B3-EDFF547300F0,0,Vegetable Trays,Retailer C
802,2021-03-16,11,23,46D64632-2C73-4DBF-A3B3-EDFF547300F0,0,Vegetable Trays,Retailer C
803,2021-03-17,11,23,46D64632-2C73-4DBF-A3B3-EDFF547300F0,0,Vegetable Trays,Retailer C
804,2021-03-18,11,23,46D64632-2C73-4DBF-A3B3-EDFF547300F0,1,Vegetable Trays,Retailer C
805,2021-03-19,11,23,46D64632-2C73-4DBF-A3B3-EDFF547300F0,0,Vegetable Trays,Retailer C
806,2021-03-20,11,23,46D64632-2C73-4DBF-A3B3-EDFF547300F0,1,Vegetable Trays,Retailer C
807,2021-03-21,11,23,46D64632-2C73-4DBF-A3B3-EDFF547300F0,1,Vegetable Trays,Retailer C
